Architecture,Best_Resolution,Boost_Clock,Core_Speed,DVI_Connection,Direct_X,DisplayPort_Connection,HDMI_Connection,L2_Cache,Manufacturer,Max_Power,Memory,Memory_Bandwidth,Memory_Bus,Memory_Speed,Memory_Type,Name,Open_GL,PSU,Pixel_Rate,Process,Release_Price,Resolution_WxH,SLI_Crossfire,Shader,Texture_Rate,VGA_Connection
Pascal P100 ,3840 x 2160,,1000 MHz,1,DX 12.1,3,1,3072KB,Nvidia,300 Watts,12288 MB ,384GB/sec,3072 Bit ,500 MHz,HBM-2,GeForce GTX Titan P 12GB [not released],4.5,600 Watt & 42 Amps,96 GPixel/s,16nm,$999.00,7680x4320,Yes,5.0,320 GTexel/s,0
Pascal P100 ,3840 x 2160,,1000 MHz,1,DX 12.1,3,1,3072KB,Nvidia,375 Watts,16384 MB ,512GB/sec,4096 Bit ,500 MHz,HBM-2,GeForce GTX Titan P 16GB [not released],4.5,600 Watt & 42 Amps,128 GPixel/s,16nm,$1299.00,7680x4320,Yes,5.0,320 GTexel/s,0
GCN 1.2 Fiji XT ,3840 x 2160,,1000 MHz,0,DX 12.0,3,1,2048KB,AMD,175 Watts,4096 MB ,512GB/sec,4096 Bit ,500 MHz,HBM-1,Radeon R9 Nano 4GB,4.5,600 Watt & 42 Amps,64 GPixel/s,28nm,$649.00,4096x2160,Yes,5.0,256 GTexel/s,0
GCN 1.2 Fiji PRO ,2560 x 1600,,1000 MHz,0,DX 12.0,3,1,2048KB,AMD,375 Watts,4096 MB ,512GB/sec,4096 Bit ,500 MHz,HBM-1,Radeon R9 FURY Sapphire Tri-X 4GB Edition,4.5,750 Watt & 50 Amps,64 GPixel/s,28nm,$559.00,4096x2160,Yes,5.0,224 GTexel/s,0
GCN 1.2 Fiji XT ,2560 x 1600,,1050 MHz,0,DX 12.0,4,1,2048KB,AMD,275 Watts,4096 MB ,512GB/sec,4096 Bit ,500 MHz,HBM-1,Radeon R9 FURY X 4GB,4.5,600 Watt & 42 Amps,67 GPixel/s,28nm,$649.00,4096x2160,Yes,5.0,269 GTexel/s,0
GCN 1.2 Fiji PRO ,2560 x 1600,,1000 MHz,2,DX 12.0,1,1,2048KB,AMD,275 Watts,4096 MB ,512GB/sec,4096 Bit ,500 MHz,HBM-1,Radeon R9 FURY 4GB,4.5,600 Watt & 42 Amps,64 GPixel/s,28nm,$549.00,4096x2160,Yes,5.0,224 GTexel/s,0
GCN 1.1 Grenada XT (x2) ,3840 x 2160,,1050 MHz,2,DX 12.0,0,1,1024KB(x2),AMD,550 Watts,16384 MB ,768GB/sec,512 Bit ,1500 MHz,GDDR5,Radeon R9 390X Crossfire,4.4,800 Watt & 50 Amps,134 GPixel/s,28nm,$858.00,4096x2160,Yes,5.0,370 GTexel/s,0
GCN 1.1 Grenada XT ,2560 x 1600,,1050 MHz,2,DX 12.0,0,1,1024KB,AMD,275 Watts,8192 MB ,384GB/sec,512 Bit ,1500 MHz,GDDR5,Radeon R9 390X,4.4,600 Watt & 42 Amps,67 GPixel/s,28nm,$429.00,4096x2160,Yes,5.0,185 GTexel/s,0
GCN 1.1 Grenada PRO ,2560 x 1440,,1025 MHz,2,DX 12.0,3,1,1024KB,AMD,275 Watts,8192 MB ,384GB/sec,512 Bit ,1500 MHz,GDDR5,Radeon R9 390 Gigabyte G1 Gaming 8GB Edition,4.4,600 Watt & 42 Amps,66 GPixel/s,28nm,$329.00,4096x2160,Yes,5.0,164 GTexel/s,0
GCN 1.1 Grenada PRO (x2) ,3840 x 2160,,1000 MHz,2,DX 12.0,1,1,1024KB(x2),AMD,550 Watts,16384 MB ,768GB/sec,512 Bit ,1500 MHz,GDDR5,Radeon R9 390 Crossfire,4.4,850 Watt & 50 Amps,128 GPixel/s,28nm,$658.00,4096x2160,Yes,5.0,320 GTexel/s,0
GCN 1.1 Grenada PRO (x2) ,3840 x 2160,,1000 MHz,2,DX 12.0,1,1,1024KB(x2),AMD,580 Watts,16384 MB ,691.2GB/sec,512 Bit ,1350 MHz,GDDR5,Radeon R9 390 PowerColor Devil 13 Dual Core 16GB Edition,4.4,1000 Watt & 67 Amps,128 GPixel/s,28nm,$799.99,4096x2160,Yes,5.0,320 GTexel/s,0
GCN 1.2 Antigua XT ,1920 x 1080,,1030 MHz,2,DX 12.0,1,1,768KB,AMD,225 Watts,4096 MB ,185.6GB/sec,256 Bit ,1450 MHz,GDDR5,Radeon R9 380X XFX Double Dissipation Black OC 4GB Edition,4.5,550 Watt & 37 Amps,33 GPixel/s,28nm,$289.99,4096x2160,Yes,5.0,132 GTexel/s,0
GCN 1.1 Grenada PRO (x2) ,3840 x 2160,,1025 MHz,2,DX 12.0,3,1,1024KB(x2),AMD,550 Watts,16384 MB ,768GB/sec,512 Bit ,1500 MHz,GDDR5,Radeon R9 390 Gigabyte G1 Gaming 8GB Edition Crossfire,4.4,800 Watt & 50 Amps,131 GPixel/s,28nm,$658.00,4096x2160,Yes,5.0,328 GTexel/s,0
GCN 1.2 Antigua XT ,1920 x 1080,,990 MHz,2,DX 12.0,1,1,768KB,AMD,190 Watts,4096 MB ,182.4GB/sec,256 Bit ,1425 MHz,GDDR5,Radeon R9 380X XFX Double Dissipation XXX OC 4GB Edition,4.5,650 Watt & 43 Amps,32 GPixel/s,28nm,$229.99,4096x2160,Yes,5.0,127 GTexel/s,0
GCN 1.1 Grenada PRO ,2560 x 1440,,1000 MHz,2,DX 12.0,1,1,1024KB,AMD,275 Watts,8192 MB ,384GB/sec,512 Bit ,1500 MHz,GDDR5,Radeon R9 390,4.4,600 Watt & 42 Amps,64 GPixel/s,28nm,$329.00,4096x2160,Yes,5.0,160 GTexel/s,0
GCN 1.2 Antigua XT ,1920 x 1080,,1040 MHz,2,DX 12.0,1,1,768KB,AMD,225 Watts,4096 MB ,192GB/sec,256 Bit ,1500 MHz,GDDR5,Radeon R9 380X Sapphire Nitro 4GB Edition,4.5,500 Watt & 33 Amps,33 GPixel/s,28nm,$249.99,4096x2160,Yes,5.0,133 GTexel/s,0
GCN 1.2 Antigua XT ,1920 x 1080,,980 MHz,2,DX 12.0,1,1,768KB,AMD,190 Watts,4096 MB ,182.4GB/sec,256 Bit ,1425 MHz,GDDR5,Radeon R9 380X Gigabyte Gaming G1 4GB Edition,4.5,500 Watt & 33 Amps,31 GPixel/s,28nm,$249.99,4096x2160,Yes,5.0,125 GTexel/s,0
GCN 1.2 Antigua XT ,1920 x 1080,,970 MHz,2,DX 12.0,1,1,768KB,AMD,190 Watts,4096 MB ,182.4GB/sec,256 Bit ,1425 MHz,GDDR5,Radeon R9 380X Asus DirectCU II Strix Gaming 4GB Edition,4.5,500 Watt & 33 Amps,31 GPixel/s,28nm,$229.00,4096x2160,Yes,5.0,124 GTexel/s,0
GCN 1.2 Antigua XT ,1920 x 1080,,970 MHz,2,DX 12.0,0,1,768KB,AMD,190 Watts,4096 MB ,182.4GB/sec,256 Bit ,1425 MHz,GDDR5,Radeon R9 380X,4.5,500 Watt & 33 Amps,31 GPixel/s,28nm,$229.00,4096x2160,Yes,5.0,124 GTexel/s,0
GCN 1.2 Antigua XT ,1920 x 1080,,1030 MHz,2,DX 12.0,1,1,768KB,AMD,190 Watts,4096 MB ,182.4GB/sec,256 Bit ,1425 MHz,GDDR5,Radeon R9 380X Asus DirectCU II OC Strix Gaming 4GB Edition,4.5,500 Watt & 33 Amps,33 GPixel/s,28nm,$239.99,4096x2160,Yes,5.0,132 GTexel/s,0
GCN 1.2 Antigua PRO ,1920 x 1080,,1000 MHz,2,DX 12.0,0,1,768KB,AMD,190 Watts,2048 MB ,179.2GB/sec,256 Bit ,1400 MHz,GDDR5,Radeon R9 380 MSI Gaming 2GB Edition,4.5,500 Watt & 33 Amps,32 GPixel/s,28nm,$239.00,4096x2160,Yes,5.0,112 GTexel/s,0
GCN 1.2 Antigua PRO ,1920 x 1080,,990 MHz,2,DX 12.0,1,1,768KB,AMD,190 Watts,4096 MB ,182.4GB/sec,256 Bit ,1425 MHz,GDDR5,Radeon R9 380 Gigabyte G1 Gaming 4GB Edition,4.5,500 Watt & 33 Amps,32 GPixel/s,28nm,$229.00,4096x2160,Yes,5.0,111 GTexel/s,0
GCN 1.0 Trinidad XT ,1920 x 1080,1050 MHz ,1000 MHz,2,DX 12.0,1,1,1024KB,AMD,180 Watts,2048 MB ,179.2GB/sec,256 Bit ,1400 MHz,GDDR5,Radeon R9 370X,4.4,500 Watt & 33 Amps,34 GPixel/s,28nm,$199.00,4096x2160,Yes,5.0,84 GTexel/s,0
GCN 1.2 Antigua PRO ,1920 x 1080,,970 MHz,2,DX 12.0,1,1,768KB,AMD,190 Watts,2048 MB ,176GB/sec,256 Bit ,1375 MHz,GDDR5,Radeon R9 380,4.5,500 Watt & 33 Amps,31 GPixel/s,28nm,$199.00,4096x2160,Yes,5.0,109 GTexel/s,0
GCN 1.0 Trinidad PRO ,1600 x 900,,985 MHz,2,DX 12.0,0,1,1024KB,AMD,150 Watts,4096 MB ,179.2GB/sec,256 Bit ,1400 MHz,GDDR5,Radeon R7 370 Sapphire Nitro 4GB Edition,4.4,500 Watt & 33 Amps,32 GPixel/s,28nm,$174.00,4096x2160,Yes,5.0,63 GTexel/s,0
GCN 1.1 Tobago XT ,1600 x 900,1150 MHz ,1100 MHz,1,DX 12.0,0,1,512KB,AMD,120 Watts,2048 MB ,104GB/sec,128 Bit ,1625 MHz,GDDR5,Radeon R7 360X [not released],4.4,500 Watt & 33 Amps,18 GPixel/s,28nm,$129.00,2560x1600,Yes,5.0,64 GTexel/s,0
GCN 1.0 Trinidad PRO ,1600 x 900,975 MHz ,925 MHz,2,DX 12.0,1,1,1024KB,AMD,110 Watts,2048 MB ,179.2GB/sec,256 Bit ,1400 MHz,GDDR5,Radeon R7 370,4.4,500 Watt & 33 Amps,31 GPixel/s,28nm,$149.00,4096x2160,Yes,5.0,62 GTexel/s,0
GCN 1.1 Tobago PRO ,1600 x 900,,1050 MHz,1,DX 12.0,0,1,512KB,AMD,100 Watts,2048 MB ,104GB/sec,128 Bit ,1625 MHz,GDDR5,Radeon R7 360 v2 MSI OC 2GB Edition,4.4,500 Watt & 33 Amps,17 GPixel/s,28nm,$114.00,4096x2160,Yes,5.0,50 GTexel/s,0
GCN 1.1 Tobago PRO ,1600 x 900,,1060 MHz,1,DX 12.0,0,1,512KB,AMD,150 Watts,2048 MB ,96GB/sec,128 Bit ,1500 MHz,GDDR5,Radeon R7 360 Sapphire OC 2GB Edition,4.4,500 Watt & 33 Amps,17 GPixel/s,28nm,$109.00,4096x2160,Yes,5.0,51 GTexel/s,0
GCN 1.1 Tobago PRO ,1600 x 900,,1200 MHz,2,DX 12.0,0,1,512KB,AMD,150 Watts,2048 MB ,104GB/sec,128 Bit ,1625 MHz,GDDR5,Radeon R7 360 v2 Gigabyte OC 2GB Edition,4.4,500 Watt & 33 Amps,19 GPixel/s,28nm,$109.00,4096x2160,Yes,5.0,58 GTexel/s,0
GCN 1.1 Tobago PRO (x2) ,1920 x 1080,,1050 MHz,2,DX 12.0,0,1,512KB(x2),AMD,200 Watts,4096 MB ,192GB/sec,128 Bit ,1500 MHz,GDDR5,Radeon R7 360 Crossfire,4.4,600 Watt & 42 Amps,34 GPixel/s,28nm,$218.00,2560x1600,Yes,5.0,101 GTexel/s,0
GCN 1.1 Tobago PRO ,1600 x 900,,1050 MHz,1,DX 12.0,1,1,512KB,AMD,75 Watts,2048 MB ,96GB/sec,128 Bit ,1500 MHz,GDDR5,Radeon R7 360,4.4,500 Watt & 30 Amps,17 GPixel/s,28nm,$109.00,4096x2160,Yes,5.0,50 GTexel/s,0
GCN 1.2 Capsaicin XT ,3840 x 2160,,1000 MHz,0,DX 12.0,3,1,2048KB(x2),AMD,350 Watts,8192 MB ,1024GB/sec,4096 Bit ,500 MHz,HBM-1,Radeon Pro Duo 8GB [not released],4.5,750 Watt & 50 Amps,128 GPixel/s,28nm,$1499.00,4096x2160,Yes,5.0,512 GTexel/s,0
GCN 1.1 Hawaii PRO ,2560 x 1440,,947 MHz,2,DX 12.0,0,1,1024KB,AMD,275 Watts,4096 MB ,320GB/sec,512 Bit ,1250 MHz,GDDR5,Radeon R9 290,4.4,750 Watt & 42 Amps,61 GPixel/s,28nm,$399.00,4096x2160,Yes,5.0,152 GTexel/s,0
GCN 1.0 Tahiti XTL ,1920 x 1080,1000 MHz ,850 MHz,2,DX 12.0,0,1,768KB,AMD,250 Watts,3072 MB ,288GB/sec,384 Bit ,1500 MHz,GDDR5,Radeon R9 280X,4.4,750 Watt & 42 Amps,32 GPixel/s,28nm,$299.00,4096x2160,Yes,5.0,128 GTexel/s,0
GCN 1.0 Tahiti PRO2 ,1920 x 1080,933 MHz ,827 MHz,2,DX 12.0,0,1,768KB,AMD,200 Watts,3072 MB ,240GB/sec,384 Bit ,1250 MHz,GDDR5,Radeon R9 280,4.4,500 Watt,30 GPixel/s,28nm,$279.00,4096x2160,Yes,5.0,104 GTexel/s,0
GCN 1.3 Ellesmere XT ,2560 x 1440,1288 MHz ,1120 MHz,0,DX 12.0,3,1,2048KB,ATI,150 Watts,8192 MB ,256GB/sec,256 Bit ,2000 MHz,GDDR5,Radeon RX 480 XFX Triple X OC 8GB,4.5,500 Watt & 33 Amps,41 GPixel/s,14nm,$245.00,4096x2160,No,5.0,185 GTexel/s,0
GCN 1.3 Ellesmere XT ,2560 x 1440,1338 MHz ,1120 MHz,1,DX 12.0,3,1,2048KB,ATI,150 Watts,8192 MB ,256GB/sec,256 Bit ,2000 MHz,GDDR5,Radeon RX 480 XFX GTR Hard Swap Black Edition 8GB,4.5,500 Watt & 33 Amps,43 GPixel/s,14nm,$260.00,4096x2160,No,5.0,193 GTexel/s,0
GCN 1.3 Ellesmere XT ,1920 x 1080,1266 MHz ,1120 MHz,1,DX 12.0,3,1,2048KB,ATI,150 Watts,4096 MB ,224GB/sec,256 Bit ,1750 MHz,GDDR5,Radeon RX 480 XFX RS Hard Swap 4GB,4.5,450 Watt & 30 Amps,41 GPixel/s,14nm,$240.00,4096x2160,No,5.0,182 GTexel/s,0
GCN 1.3 Ellesmere XT ,2560 x 1440,1288 MHz ,1120 MHz,1,DX 12.0,3,1,2048KB,ATI,150 Watts,8192 MB ,256GB/sec,256 Bit ,2000 MHz,GDDR5,Radeon RX 480 XFX RS Hard Swap Triple X 8GB,4.5,500 Watt & 33 Amps,41 GPixel/s,14nm,$250.00,4096x2160,No,5.0,185 GTexel/s,0
GCN 1.1 Bonaire XT ,1600 x 900,,1050 MHz,1,DX 12.0,1,1,512KB,AMD,105 Watts,2048 MB ,96GB/sec,128 Bit ,1500 MHz,GDDR5,Radeon R7 260X v2 Sapphire iCafe Gaming OC 2GB Edition,4.4,450 Watt & 30 Amps,17 GPixel/s,28nm,$99.00,4096x2160,Yes,5.0,59 GTexel/s,0
GCN 1.1 Bonaire XTX (x2) ,1920 x 1080,,1100 MHz,2,DX 12.0,0,1,512KB(x2),AMD,230 Watts,4096 MB ,208GB/sec,128 Bit ,1625 MHz,GDDR5,Radeon R7 260X Crossfire,4.4,600 Watt & 42 Amps,35 GPixel/s,28nm,$278.00,2560x1600,Yes,5.0,123 GTexel/s,0
GCN 1.1 Bonaire XTX ,1600 x 900,,1100 MHz,2,DX 12.0,0,1,512KB,AMD,115 Watts,2048 MB ,104GB/sec,128 Bit ,1625 MHz,GDDR5,Radeon R7 260X,4.4,450 Watt & 30 Amps,18 GPixel/s,28nm,$139.00,4096x2160,Yes,5.0,62 GTexel/s,0
GCN 1.3 Ellesmere XT ,2560 x 1440,1328 MHz ,1120 MHz,0,DX 12.0,3,1,2048KB,ATI,150 Watts,8192 MB ,256GB/sec,256 Bit ,2000 MHz,GDDR5,Radeon RX 480 XFX Black Edition 8GB,4.5,500 Watt & 33 Amps,42 GPixel/s,14nm,$255.00,4096x2160,No,5.0,191 GTexel/s,0
GCN 1.3 Ellesmere XT ,1920 x 1080,1266 MHz ,1120 MHz,0,DX 12.0,3,1,2048KB,ATI,150 Watts,4096 MB ,224GB/sec,256 Bit ,1750 MHz,GDDR5,Radeon RX 480 XFX 4GB,4.5,450 Watt & 30 Amps,41 GPixel/s,14nm,$240.00,4096x2160,No,5.0,182 GTexel/s,0
GCN 1.3 Ellesmere XT ,2560 x 1440,1342 MHz ,1208 MHz,1,DX 12.0,2,2,2048KB,ATI,150 Watts,8192 MB ,256GB/sec,256 Bit ,2000 MHz,GDDR5,Radeon RX 480 Sapphire Nitro+ 8GB,4.5,500 Watt & 33 Amps,43 GPixel/s,14nm,$260.00,3840x2160,No,5.0,193 GTexel/s,0
GCN 1.3 Ellesmere XT ,1920 x 1080,1306 MHz ,1208 MHz,1,DX 12.0,2,2,2048KB,ATI,150 Watts,4096 MB ,224GB/sec,256 Bit ,1750 MHz,GDDR5,Radeon RX 480 Sapphire NITRO+ 4GB,4.5,450 Watt & 30 Amps,42 GPixel/s,14nm,$235.00,4096x2160,No,5.0,188 GTexel/s,0
GCN 1.3 Ellesmere XT ,1920 x 1080,1266 MHz ,1120 MHz,0,DX 12.0,3,1,2048KB,ATI,150 Watts,4096 MB ,224GB/sec,256 Bit ,1750 MHz,GDDR5,Radeon RX 480 Sapphire 4GB,4.5,450 Watt & 30 Amps,41 GPixel/s,14nm,$240.00,4096x2160,No,5.0,182 GTexel/s,0
GCN 1.3 Ellesmere XT ,2560 x 1440,1266 MHz ,1120 MHz,0,DX 12.0,3,1,2048KB,ATI,150 Watts,8192 MB ,256GB/sec,256 Bit ,2000 MHz,GDDR5,Radeon RX 480 PowerColour 8GB,4.5,500 Watt & 33 Amps,41 GPixel/s,14nm,$240.00,7680x4320,No,5.0,182 GTexel/s,0
GCN 1.3 Ellesmere XT ,1920 x 1080,1266 MHz ,1120 MHz,1,DX 12.0,3,1,2048KB,ATI,120 Watts,4096 MB ,224GB/sec,256 Bit ,1750 MHz,GDDR5,Radeon RX 480 PowerColor Red Dragon 4GB,4.5,450 Watt & 30 Amps,41 GPixel/s,14nm,$210.00,4096x2160,No,5.0,182 GTexel/s,0
GCN 1.3 Ellesmere XT ,2560 x 1440,1266 MHz ,1120 MHz,1,DX 12.0,3,1,2048KB,ATI,150 Watts,8192 MB ,256GB/sec,256 Bit ,2000 MHz,GDDR5,Radeon RX 480 PowerColor Red Dragon 8GB,4.5,500 Watt & 33 Amps,41 GPixel/s,14nm,$250.00,7680x4320,No,5.0,182 GTexel/s,0
GCN 1.3 Ellesmere XT ,2560 x 1440,1330 MHz ,1120 MHz,1,DX 12.0,2,2,2048KB,ATI,150 Watts,8192 MB ,256GB/sec,256 Bit ,2000 MHz,GDDR5,Radeon RX 480 PowerColor Red Devil 8GB,4.5,500 Watt & 33 Amps,43 GPixel/s,14nm,$270.00,4096x2160,No,5.0,192 GTexel/s,0
GCN 1.3 Ellesmere XT ,1920 x 1080,1266 MHz ,1120 MHz,0,DX 12.0,3,1,2048KB,ATI,150 Watts,4096 MB ,224GB/sec,256 Bit ,1750 MHz,GDDR5,Radeon RX 480 PowerColor 4GB,4.5,450 Watt & 30 Amps,41 GPixel/s,14nm,$230.00,4096x2160,No,5.0,182 GTexel/s,0
GCN 1.3 Ellesmere XT ,1920 x 1080,1279 MHz ,1120 MHz,1,DX 12.0,2,2,2048KB,ATI,150 Watts,4096 MB ,224GB/sec,256 Bit ,1750 MHz,GDDR5,Radeon RX 480 MSI GAMING 4G,4.5,450 Watt & 30 Amps,41 GPixel/s,14nm,$200.00,4096x2160,No,5.0,184 GTexel/s,0
GCN 1.3 Ellesmere XT ,2560 x 1440,1279 MHz ,1120 MHz,1,DX 12.0,2,2,2048KB,ATI,150 Watts,8192 MB ,256GB/sec,256 Bit ,2000 MHz,GDDR5,Radeon RX 480 MSI Gaming 8GB,4.5,500 Watt & 33 Amps,41 GPixel/s,14nm,$250.00,4096x2160,No,5.0,184 GTexel/s,0
GCN 1.3 Ellesmere XT ,1920 x 1080,1303 MHz ,1120 MHz,1,DX 12.0,2,2,2048KB,ATI,150 Watts,4096 MB ,224GB/sec,256 Bit ,1750 MHz,GDDR5,Radeon RX 480 MSI GAMING X 4G,4.5,450 Watt & 30 Amps,42 GPixel/s,14nm,$240.00,4096x2160,No,5.0,188 GTexel/s,0
GCN 1.3 Ellesmere XT ,2560 x 1440,1303 MHz ,1120 MHz,1,DX 12.0,2,2,2048KB,ATI,150 Watts,8192 MB ,256GB/sec,256 Bit ,2000 MHz,GDDR5,Radeon RX 480 MSI Gaming X 8GB,4.5,500 Watt & 33 Amps,42 GPixel/s,14nm,$265.00,4096x2160,No,5.0,188 GTexel/s,0
GCN 1.3 Ellesmere XT ,2560 x 1440,1291 MHz ,1120 MHz,1,DX 12.0,2,2,2048KB,ATI,150 Watts,8192 MB ,256GB/sec,256 Bit ,2000 MHz,GDDR5,Radeon RX 480 MSI Armor OC 8GB,4.5,500 Watt & 33 Amps,41 GPixel/s,14nm,$245.00,4096x2160,No,5.0,186 GTexel/s,0
GCN 1.3 Ellesmere XT ,1920 x 1080,1291 MHz ,1120 MHz,1,DX 12.0,2,2,2048KB,ATI,120 Watts,4096 MB ,224GB/sec,256 Bit ,1750 MHz,GDDR5,Radeon RX 480 MSI Armor OC 4GB,4.5,450 Watt & 30 Amps,41 GPixel/s,14nm,$220.00,4096x2160,No,5.0,186 GTexel/s,0
GCN 1.3 Ellesmere XT ,2560 x 1440,1338 MHz ,1120 MHz,1,DX 12.0,3,1,2048KB,ATI,150 Watts,8192 MB ,256GB/sec,256 Bit ,2000 MHz,GDDR5,Radeon RX 480 HIS IceQ X² Roaring Turbo GB,4.5,500 Watt & 33 Amps,43 GPixel/s,14nm,$250.00,5120x2160,No,5.0,193 GTexel/s,0
GCN 1.3 Ellesmere XT ,2560 x 1440,1266 MHz ,1120 MHz,0,DX 12.0,3,1,2048KB,ATI,150 Watts,8192 MB ,256GB/sec,256 Bit ,2000 MHz,GDDR5,Radeon RX 480 MSI 8GB,4.5,500 Watt & 33 Amps,41 GPixel/s,14nm,$220.00,7680x4320,No,5.0,182 GTexel/s,0
GCN 1.3 Ellesmere XT ,1920 x 1080,1266 MHz ,1120 MHz,1,DX 12.0,2,2,2048KB,ATI,120 Watts,4096 MB ,224GB/sec,256 Bit ,1750 MHz,GDDR5,Radeon RX 480 MSI Armor 4GB,4.5,450 Watt & 30 Amps,41 GPixel/s,14nm,$220.00,4096x2160,No,5.0,182 GTexel/s,0
GCN 1.3 Ellesmere XT ,1920 x 1080,1266 MHz ,1120 MHz,0,DX 12.0,3,1,2048KB,ATI,120 Watts,4096 MB ,224GB/sec,256 Bit ,1750 MHz,GDDR5,Radeon RX 480 MSI 4GB,4.5,450 Watt & 30 Amps,81 GPixel/s,14nm,$200.00,4096x2160,No,5.0,182 GTexel/s,0
GCN 1.0 Cape Verde PRO ,1600 x 900,,800 MHz,1,DX 12.0,1,1,512KB,AMD,55 Watts,1024 MB ,72GB/sec,128 Bit ,1125 MHz,GDDR5,Radeon R7 250E,4.4,400 Watt & 27 Amps,13 GPixel/s,28nm,$109.00,4096x2160,Yes,5.0,26 GTexel/s,0
GCN 1.3 Ellesmere XT ,2560 x 1440,1288 MHz ,1120 MHz,1,DX 12.0,3,1,2048KB,ATI,150 Watts,8192 MB ,256GB/sec,256 Bit ,2000 MHz,GDDR5,Radeon RX 480 HIS IceQ X² Roaring OC GB,4.5,500 Watt & 33 Amps,41 GPixel/s,14nm,$240.00,5120x2880,No,5.0,185 GTexel/s,0
GCN 1.3 Ellesmere XT ,2560 x 1440,1266 MHz ,1120 MHz,0,DX 12.0,3,1,2048KB,ATI,150 Watts,8192 MB ,256GB/sec,256 Bit ,2000 MHz,GDDR5,Radeon RX 480 Gigabyte Windforce 8GB,4.5,500 Watt & 33 Amps,41 GPixel/s,14nm,$120.00,7680x4320,No,5.0,182 GTexel/s,0
GCN 1.3 Ellesmere XT ,2560 x 1440,1266 MHz ,1120 MHz,0,DX 12.0,3,1,2048KB,ATI,150 Watts,8192 MB ,256GB/sec,256 Bit ,2000 MHz,GDDR5,Radeon RX 480 HIS 8GB,4.5,500 Watt & 33 Amps,41 GPixel/s,14nm,$120.00,7680x4320,No,5.0,182 GTexel/s,0
GCN 1.3 Ellesmere XT ,1920 x 1080,1266 MHz ,1120 MHz,0,DX 12.0,3,1,2048KB,ATI,150 Watts,4096 MB ,224GB/sec,256 Bit ,1750 MHz,GDDR5,Radeon RX 480 Gigabyte Windforce 4GB,4.5,500 Watt & 33 Amps,41 GPixel/s,14nm,$220.00,4096x2160,No,5.0,182 GTexel/s,0
GCN 1.3 Ellesmere XT ,2560 x 1440,1290 MHz ,1120 MHz,1,DX 12.0,3,1,2048KB,ATI,150 Watts,8192 MB ,256GB/sec,256 Bit ,2000 MHz,GDDR5,Radeon RX 480 Gigabyte G1 Gaming 8GB,4.5,500 Watt & 33 Amps,41 GPixel/s,14nm,$240.00,7680x4320,No,5.0,186 GTexel/s,0
GCN 1.3 Ellesmere XT ,1920 x 1080,1266 MHz ,1120 MHz,0,DX 12.0,3,1,2048KB,ATI,120 Watts,4096 MB ,224GB/sec,256 Bit ,1750 MHz,GDDR5,Radeon RX 480 Gigabyte G1 Gaming 4GB,4.5,450 Watt & 30 Amps,41 GPixel/s,14nm,$210.00,4096x2160,No,5.0,182 GTexel/s,0
GCN 1.3 Ellesmere XT ,2560 x 1440,1266 MHz ,1120 MHz,0,DX 12.0,3,1,2048KB,ATI,150 Watts,8192 MB ,256GB/sec,256 Bit ,2000 MHz,GDDR5,Radeon RX 480 Gigabyte 8GB,4.5,500 Watt & 33 Amps,41 GPixel/s,14nm,$240.00,7680x4320,No,5.0,182 GTexel/s,0
GCN 1.3 Ellesmere XT ,1920 x 1080,1266 MHz ,1120 MHz,0,DX 12.0,3,1,2048KB,ATI,150 Watts,4096 MB ,224GB/sec,256 Bit ,1750 MHz,GDDR5,Radeon RX 480 GIGABYTE G1 Gaming 4GB,4.5,450 Watt & 30 Amps,41 GPixel/s,14nm,$200.00,4096x2160,No,5.0,182 GTexel/s,0
GCN 1.3 Ellesmere XT ,2560 x 1440,1266 MHz ,1120 MHz,0,DX 12.0,3,1,2048KB,ATI,150 Watts,8192 MB ,256GB/sec,256 Bit ,2000 MHz,GDDR5,Radeon RX 480 Asus 8GB,4.5,500 Watt & 33 Amps,41 GPixel/s,14nm,$120.00,7680x4320,No,5.0,182 GTexel/s,0
GCN 1.3 Ellesmere XT ,2560 x 1440,1266 MHz ,1120 MHz,1,DX 12.0,2,2,2048KB,ATI,150 Watts,8192 MB ,256GB/sec,256 Bit ,2000 MHz,GDDR5,Radeon RX 480 Armor 8GB,4.5,500 Watt & 33 Amps,41 GPixel/s,14nm,$245.00,7680x4320,No,5.0,182 GTexel/s,0
GCN 1.3 Ellesmere XT ,2560 x 1440,1266 MHz ,1120 MHz,0,DX 12.0,2,2,2048KB,ATI,150 Watts,8192 MB ,256GB/sec,256 Bit ,2000 MHz,GDDR5,Radeon RX 480 Asus ROG Strix Gaming 8GB,4.5,500 Watt & 33 Amps,41 GPixel/s,14nm,$240.00,7680x4320,No,5.0,182 GTexel/s,0
GCN 1.3 Ellesmere XT ,2560 x 1440,1330 MHz ,1120 MHz,1,DX 12.0,2,2,2048KB,ATI,150 Watts,8192 MB ,256GB/sec,256 Bit ,2000 MHz,GDDR5,Radeon RX 480 Asus ROG Strix OC 8GB,4.5,500 Watt & 33 Amps,43 GPixel/s,14nm,$240.00,7680x4320,No,5.0,192 GTexel/s,0
GCN 1.3 Ellesmere XT (x2) ,2560 x 1600,1266 MHz ,1120 MHz,0,DX 12.0,3,1,2048KB(x2),ATI,300 Watts,16384 MB ,512GB/sec,256 Bit ,2000 MHz,GDDR5,Radeon RX 480 8GB Crossfire,4.5,600 Watt & 42 Amps,81 GPixel/s,14nm,$458.00,4096x2160,Yes,5.0,365 GTexel/s,0
GCN 1.3 Ellesmere XT ,2560 x 1440,1266 MHz ,1120 MHz,0,DX 12.0,3,1,2048KB,ATI,150 Watts,8192 MB ,256GB/sec,256 Bit ,2000 MHz,GDDR5,Radeon RX 480 8GB,4.5,500 Watt & 33 Amps,41 GPixel/s,14nm,$229.00,4096x2160,Yes,5.0,182 GTexel/s,0
GCN 1.3 Ellesmere XT ,2560 x 1440,1266 MHz ,1120 MHz,0,DX 12.0,3,1,2048KB,ATI,150 Watts,8192 MB ,256GB/sec,256 Bit ,2000 MHz,GDDR5,Radeon RX 480 Diamond 8GB,4.5,500 Watt & 33 Amps,41 GPixel/s,14nm,$120.00,7680x4320,No,5.0,182 GTexel/s,0
GCN 1.3 Ellesmere PRO ,1920 x 1080,1280 MHz ,926 MHz,1,DX 12.0,3,1,2048KB,ATI,120 Watts,4096 MB ,224GB/sec,256 Bit ,1750 MHz,GDDR5,Radeon RX 470 XFX RS Black Limited Edition 4GB,4.5,450 Watt & 30 Amps,41 GPixel/s,14nm,$210.00,4096x2160,No,5.0,164 GTexel/s,0
GCN 1.3 Ellesmere XT ,1920 x 1080,1266 MHz ,1120 MHz,0,DX 12.0,3,1,2048KB,ATI,120 Watts,4096 MB ,224GB/sec,256 Bit ,1750 MHz,GDDR5,Radeon RX 480 4GB,4.5,450 Watt & 30 Amps,41 GPixel/s,14nm,$199.00,4096x2160,Yes,5.0,182 GTexel/s,0
GCN 1.3 Ellesmere PRO ,1920 x 1080,1226 MHz ,926 MHz,1,DX 12.0,3,1,2048KB,ATI,120 Watts,4096 MB ,224GB/sec,256 Bit ,1750 MHz,GDDR5,Radeon RX 470 XFX RS Triple X 4GB,4.5,450 Watt & 30 Amps,59 GPixel/s,14nm,$179.00,4096x2160,Yes,5.0,118 GTexel/s,0
GCN 1.3 Ellesmere PRO ,1920 x 1080,1226 MHz ,926 MHz,1,DX 12.0,3,1,2048KB,ATI,120 Watts,4096 MB ,211.2GB/sec,256 Bit ,1650 MHz,GDDR5,Radeon RX 470 XFX Single Fan Triple X 4GB,4.5,450 Watt & 30 Amps,59 GPixel/s,14nm,$179.00,4096x2160,Yes,5.0,118 GTexel/s,0
GCN 1.3 Ellesmere PRO ,1920 x 1080,1256 MHz ,926 MHz,1,DX 12.0,3,1,2048KB,ATI,120 Watts,4096 MB ,224GB/sec,256 Bit ,1750 MHz,GDDR5,Radeon RX 470 XFX RS Black Edition 4GB,4.5,450 Watt & 30 Amps,60 GPixel/s,14nm,$200.00,4096x2160,Yes,5.0,121 GTexel/s,0
GCN 1.3 Ellesmere PRO ,1920 x 1080,1216 MHz ,926 MHz,0,DX 12.0,3,1,2048KB,ATI,120 Watts,4096 MB ,224GB/sec,256 Bit ,1750 MHz,GDDR5,Radeon RX 470 Sapphire Platinum Edition 4GB,4.5,450 Watt & 30 Amps,39 GPixel/s,14nm,$220.00,4096x2160,No,5.0,156 GTexel/s,0
GCN 1.3 Ellesmere PRO ,1920 x 1080,1260 MHz ,1121 MHz,1,DX 12.0,2,2,2048KB,ATI,120 Watts,8192 MB ,256GB/sec,256 Bit ,2000 MHz,GDDR5,Radeon RX 470 Sapphire Nitro+ 8GB,4.5,450 Watt & 30 Amps,40 GPixel/s,14nm,$250.00,4096x2160,No,5.0,161 GTexel/s,0
GCN 1.3 Ellesmere PRO ,1920 x 1080,1260 MHz ,1143 MHz,1,DX 12.0,2,2,2048KB,ATI,120 Watts,4096 MB ,224GB/sec,256 Bit ,1750 MHz,GDDR5,Radeon RX 470 Sapphire Nitro+ 4GB,4.5,450 Watt & 30 Amps,40 GPixel/s,14nm,$220.00,4096x2160,No,5.0,161 GTexel/s,0
GCN 1.3 Ellesmere PRO ,1920 x 1080,1270 MHz ,926 MHz,1,DX 12.0,3,1,2048KB,ATI,120 Watts,4096 MB ,224GB/sec,256 Bit ,1750 MHz,GDDR5,Radeon RX 470 PowerColor Red Devil 4GB,4.5,450 Watt & 30 Amps,41 GPixel/s,14nm,$199.00,4096x2160,No,5.0,163 GTexel/s,0
GCN 1.3 Ellesmere PRO ,1920 x 1080,1242 MHz ,926 MHz,1,DX 12.0,2,2,2048KB,ATI,110 Watts,4096 MB ,211.2GB/sec,256 Bit ,1650 MHz,GDDR5,Radeon RX 470 MSI Gaming X 4GB,4.5,450 Watt & 30 Amps,40 GPixel/s,14nm,$199.00,4096x2160,No,5.0,159 GTexel/s,0
GCN 1.3 Ellesmere PRO ,1920 x 1080,1210 MHz ,926 MHz,1,DX 12.0,3,1,2048KB,ATI,120 Watts,4096 MB ,211.2GB/sec,256 Bit ,1650 MHz,GDDR5,Radeon RX 470 PowerColour Red Dragon 4GB,4.5,450 Watt & 30 Amps,39 GPixel/s,14nm,$199.00,4096x2160,No,5.0,155 GTexel/s,0
GCN 1.3 Ellesmere PRO ,1920 x 1080,1218 MHz ,926 MHz,1,DX 12.0,2,2,2048KB,ATI,110 Watts,4096 MB ,211.2GB/sec,256 Bit ,1650 MHz,GDDR5,Radeon RX 470 MSI Gaming 4GB,4.5,450 Watt & 30 Amps,39 GPixel/s,14nm,$199.00,4096x2160,No,5.0,156 GTexel/s,0
GCN 1.3 Ellesmere PRO ,1920 x 1080,1242 MHz ,926 MHz,1,DX 12.0,2,2,2048KB,ATI,110 Watts,8192 MB ,211.2GB/sec,256 Bit ,1650 MHz,GDDR5,Radeon RX 470 MSI Gaming X 8GB,4.5,450 Watt & 30 Amps,40 GPixel/s,14nm,$199.00,4096x2160,No,5.0,159 GTexel/s,0
GCN 1.3 Ellesmere PRO ,1920 x 1080,1256 MHz ,926 MHz,1,DX 12.0,3,1,2048KB,ATI,120 Watts,4096 MB ,211.2GB/sec,256 Bit ,1650 MHz,GDDR5,Radeon RX 470 HIS IceQ X2 Turbo 4GB,4.5,500 Watt & 30 Amps,40 GPixel/s,14nm,$199.00,4096x2160,No,5.0,161 GTexel/s,0
GCN 1.3 Ellesmere PRO ,1920 x 1080,1256 MHz ,926 MHz,1,DX 12.0,3,1,2048KB,ATI,120 Watts,4096 MB ,211.2GB/sec,256 Bit ,1650 MHz,GDDR5,Radeon RX 470 HIS IceQ X2 OC 4GB,4.5,450 Watt & 30 Amps,40 GPixel/s,14nm,$199.00,4096x2160,Yes,5,161 GTexel/s,0
GCN 1.3 Ellesmere PRO ,1920 x 1080,1206 MHz ,926 MHz,2,DX 12.0,1,1,2048KB,ATI,120 Watts,4096 MB ,211.2GB/sec,256 Bit ,1650 MHz,GDDR5,Radeon RX 470 ASUS ROG Strix Gaming 4GB,4.5,450 Watt & 30 Amps,39 GPixel/s,14nm,$200.00,4096x2160,No,5.0,154 GTexel/s,0
GCN 1.3 Ellesmere PRO ,1920 x 1080,1206 MHz ,926 MHz,0,DX 12.0,3,1,2048KB,ATI,120 Watts,4096 MB ,211.2GB/sec,256 Bit ,1650 MHz,GDDR5,Radeon RX 470 4GB,4.5,450 Watt & 30 Amps,39 GPixel/s,14nm,$179.00,4096x2160,Yes,5.0,154 GTexel/s,0
GCN 1.3 Baffin XT ,1600 x 900,1220 MHz ,1090 MHz,1,DX 12.0,1,1,1024KB,ATI,75 Watts,4096 MB ,112GB/sec,128 Bit ,1750 MHz,GDDR5,Radeon RX 460 XFX 4GB Twin Fan,4.5,350 Watt & 23 Amps,20 GPixel/s,14nm,$150.00,7680x4320,No,5.0,59 GTexel/s,0
GCN 1.3 Ellesmere PRO ,1920 x 1080,1270 MHz ,926 MHz,2,DX 12.0,1,1,2048KB,ATI,120 Watts,4096 MB ,211.2GB/sec,256 Bit ,1650 MHz,GDDR5,Radeon RX 470 Asus ROG Strix Gaming OC 4GB,4.5,450 Watt & 30 Amps,41 GPixel/s,14nm,$199.00,4096x2160,No,5.0,163 GTexel/s,0
GCN 1.3 Baffin XT ,1600 x 900,1220 MHz ,1090 MHz,1,DX 12.0,1,1,1024KB,ATI,75 Watts,4096 MB ,112GB/sec,128 Bit ,1750 MHz,GDDR5,Radeon RX 460 XFX 4GB Single Fan,4.5,350 Watt & 23 Amps,20 GPixel/s,14nm,$135.00,7680x4320,No,5.0,59 GTexel/s,0
GCN 1.3 Baffin XT ,1600 x 900,1220 MHz ,1090 MHz,1,DX 12.0,1,1,1024KB,ATI,75 Watts,2048 MB ,112GB/sec,128 Bit ,1750 MHz,GDDR5,Radeon RX 460 XFX 2GB Single Fan,4.5,350 Watt & 23 Amps,20 GPixel/s,14nm,$140.00,7680x4320,No,5.0,59 GTexel/s,0
GCN 1.3 Ellesmere PRO ,1920 x 1080,1230 MHz ,926 MHz,0,DX 12.0,3,1,2048KB,ATI,120 Watts,4096 MB ,211.2GB/sec,256 Bit ,1650 MHz,GDDR5,Radeon RX 470 GIGABYTE G1 4GB,4.5,450 Watt & 30 Amps,39 GPixel/s,14nm,$199.00,4096x2160,No,5.0,157 GTexel/s,0
GCN 1.3 Baffin XT ,1600 x 900,1220 MHz ,1090 MHz,1,DX 12.0,1,1,1024KB,ATI,150 Watts,2048 MB ,112GB/sec,128 Bit ,1750 MHz,GDDR5,Radeon RX 460 XFX 2GB Twin Fan,4.5,400 Watt & 23 Amps,20 GPixel/s,14nm,$140.00,4096x2160,No,5.0,78 GTexel/s,0
GCN 1.3 Baffin XT ,1600 x 900,1210 MHz ,1090 MHz,1,DX 12.0,1,1,1024KB,ATI,75 Watts,2048 MB ,112GB/sec,128 Bit ,1750 MHz,GDDR5,Radeon RX 460 Sapphire Nitro 2G D5,4.5,350 Watt & 23 Amps,19 GPixel/s,14nm,$135.00,7680x4320,No,5.0,77 GTexel/s,0
GCN 1.3 Baffin XT ,1600 x 900,1210 MHz ,1090 MHz,1,DX 12.0,1,1,1024KB,ATI,75 Watts,4096 MB ,112GB/sec,128 Bit ,1750 MHz,GDDR5,Radeon RX 460 MSI OC 4GB,4.5,350 Watt & 23 Amps,19 GPixel/s,14nm,$120.00,5120x2880,No,5.0,68 GTexel/s,0
GCN 1.3 Baffin XT ,1600 x 900,1250 MHz ,1090 MHz,1,DX 12.0,1,1,1024KB,ATI,150 Watts,4096 MB ,112GB/sec,128 Bit ,1750 MHz,GDDR5,Radeon RX 460 Sapphire Nitro 4G D5,4.5,450 Watt & 23 Amps,20 GPixel/s,14nm,$150.00,7680x4320,No,5.0,80 GTexel/s,0
GCN 1.3 Baffin XT ,1600 x 900,1220 MHz ,1090 MHz,1,DX 12.0,1,1,1024KB,ATI,75 Watts,4096 MB ,112GB/sec,128 Bit ,1750 MHz,GDDR5,Radeon RX 460 HIS iCooler OC 4GB,4.5,350 Watt & 23 Amps,20 GPixel/s,14nm,$130.00,5120x2880,No,5.0,68 GTexel/s,0
GCN 1.3 Baffin XT ,1600 x 900,1236 MHz ,1090 MHz,1,DX 12.0,1,1,1024KB,ATI,75 Watts,4096 MB ,112GB/sec,128 Bit ,1750 MHz,GDDR5,Radeon RX 460 Asus ROG Strix Gaming OC 4GB,4.5,350 Watt & 23 Amps,20 GPixel/s,14nm,$135.00,5120x2880,No,5,69 GTexel/s,0
GCN 1.3 Baffin XT ,1600 x 900,1212 MHz ,1090 MHz,1,DX 12.0,1,1,1024KB,ATI,75 Watts,4096 MB ,112GB/sec,128 Bit ,1750 MHz,GDDR5,Radeon RX 460 PowerColor Red Dragon 4GB,4.5,350 Watt & 23 Amps,19 GPixel/s,14nm,$120.00,5120x2880,No,5.0,68 GTexel/s,0
GCN 1.0 Malta ,2560 x 1600,1000 MHz ,950 MHz,1,DX 12.0,4,0,768KB(x2),AMD,375 Watts,6144 MB ,576GB/sec,384 Bit ,1500 MHz,GDDR5,Radeon HD 8990 (OEM),4.4,750 Watt & 50 Amps,64 GPixel/s,28nm,$999.00,2560x1600,Yes,5.0,256 GTexel/s,0
Tesla G92-420-B1 ,1366 x 768,,738 MHz,2,DX 10.0,0,0,0KB,Nvidia,141 Watts,512 MB ,70.4GB/sec,256 Bit ,1100 MHz,GDDR3,GeForce 9800 GTX+,3.3,450 Watt & 30 Amps,12 GPixel/s,55nm,$229.00,2560x1600,Yes,4.0,47 GTexel/s,0
Tesla G92-270-A2 (x2) ,1600 x 900,,600 MHz,2,DX 10.0,0,0,0KB,Nvidia,200 Watts,2048 MB ,115.2GB/sec,512 Bit ,900 MHz,GDDR3,GeForce 9800 GT 1GB SLI,3.3,500 Watt & 33 Amps,19 GPixel/s,65nm,$320.00,2560x1600,No,4.0,67 GTexel/s,0
Tesla G92-270-A2 ,1366 x 768,,600 MHz,2,DX 10.0,0,0,0KB,Nvidia,105 Watts,1024 MB ,57.6GB/sec,256 Bit ,900 MHz,GDDR3,GeForce 9800 GT 1GB,3.3,400 Watt & 27 Amps,10 GPixel/s,65nm,$160.00,2560x1600,Yes,4.0,34 GTexel/s,0
Terascale 3 Cayman XT ,1920 x 1080,,880 MHz,2,DX 11.0,2,1,512KB,AMD,250 Watts,2048 MB ,176GB/sec,256 Bit ,1375 MHz,GDDR5,Radeon HD 6970,4.3,550 Watt & 37 Amps,28 GPixel/s,40nm,$369.00,2560x1600,Yes,5.0,84 GTexel/s,0
GCN 1.0 Tahiti PRO2 ,1920 x 1080,925 MHz ,850 MHz,1,DX 12.0,0,1,768KB,AMD,200 Watts,3072 MB ,240GB/sec,384 Bit ,1250 MHz,GDDR5,Radeon HD 7950 Boost Edition,4.4,500 Watt & 33 Amps,30 GPixel/s,28nm,$449.00,4096x2160,Yes,5.0,104 GTexel/s,0
GCN 1.0 Tahiti LE ,1920 x 1080,975 MHz ,925 MHz,1,DX 12.0,0,1,512KB,AMD,185 Watts,2048 MB ,192GB/sec,256 Bit ,1500 MHz,GDDR5,Radeon HD 7870 XT PowerColor Myst. Edition,4.4,500 Watt & 33 Amps,31 GPixel/s,28nm,$269.00,4096x2160,Yes,5.0,94 GTexel/s,0
GCN 1.0 Tahiti PRO ,1920 x 1080,,800 MHz,1,DX 12.0,0,1,768KB,AMD,200 Watts,3072 MB ,240GB/sec,384 Bit ,1250 MHz,GDDR5,Radeon HD 7950,4.4,500 Watt & 33 Amps,26 GPixel/s,28nm,$449.00,4096x2160,Yes,5.0,90 GTexel/s,0
Kepler GK104-355-A2 ,2560 x 1440,1019 MHz ,915 MHz,3,DX 12.0,1,0,512KB(x2),Nvidia,300 Watts,4096 MB ,384GB/sec,256 Bit ,1500 MHz,GDDR5,GeForce GTX 690,4.5,650 Watt & 38 Amps,65 GPixel/s,28nm,$999.99,4096x2160,Yes,5.0,261 GTexel/s,0
Pascal P102 ,3840 x 2160,1582 MHz ,1480 MHz,2,DX 12.1,3,1,1536KB(x2),Nvidia,220 Watts,11264 MB ,484.4GB/sec,176 Bit ,1376 MHz,GDDR5X,GeForce GTX 1080 Ti SLI,4.5,600 Watt & 42 Amps,152 GPixel/s,16nm,$699.00,7680x3200,Yes,5.0,354 GTexel/s,0
Pascal P102 ,3840 x 2160,1582 MHz ,1480 MHz,2,DX 12.1,3,1,768KB(x4),Nvidia,220 Watts,11264 MB ,484.4GB/sec,88 Bit ,1376 MHz,GDDR5X,GeForce GTX 1080 Ti MSI Gaming X 11GB,4.5,600 Watt & 42 Amps,139 GPixel/s,16nm,$699.00,7680x4320,Yes,5.0,354 GTexel/s,0
Pascal P102 ,3840 x 2160,1582 MHz ,1480 MHz,2,DX 12.1,3,1,768KB(x4),Nvidia,220 Watts,11264 MB ,484.4GB/sec,88 Bit ,1376 MHz,GDDR5X,GeForce GTX 1080 Ti MSI Founders Edition 11GB,4.5,600 Watt & 42 Amps,139 GPixel/s,16nm,$699.00,7680x4320,Yes,5.0,354 GTexel/s,0
Pascal P102 ,3840 x 2160,1683 MHz ,1569 MHz,1,DX 12.1,3,1,768KB(x4),Nvidia,220 Watts,11264 MB ,502GB/sec,88 Bit ,1426 MHz,GDDR5X,GeForce GTX 1080 Ti Inno3D iChiLL X4 11GB,4.5,600 Watt & 42 Amps,148 GPixel/s,16nm,$699.00,7680x4320,Yes,5.0,377 GTexel/s,0
Pascal P102 ,3840 x 2160,1683 MHz ,1569 MHz,1,DX 12.1,3,1,3072KB,Nvidia,220 Watts,11264 MB ,502GB/sec,352 Bit ,1426 MHz,GDDR5X,GeForce GTX 1080 Ti Inno3D iChiLL X3 11GB,4.5,600 Watt & 42 Amps,148 GPixel/s,16nm,$699.00,7680x3200,Yes,5.0,377 GTexel/s,0
Pascal P102 ,3840 x 2160,1582 MHz ,1480 MHz,2,DX 12.1,3,1,768KB(x4),Nvidia,220 Watts,11264 MB ,484.4GB/sec,88 Bit ,1376 MHz,GDDR5X,GeForce GTX 1080 Ti KFA Founders Edition 11GB,4.5,600 Watt & 42 Amps,139 GPixel/s,16nm,$699.00,7680x4320,Yes,5.0,354 GTexel/s,0
Pascal P102 ,3840 x 2160,1582 MHz ,1480 MHz,2,DX 12.1,3,1,768KB(x4),Nvidia,220 Watts,11264 MB ,484.4GB/sec,88 Bit ,1376 MHz,GDDR5X,GeForce GTX 1080 Ti Inno3D Founders Edition 11GB,4.5,600 Watt & 42 Amps,139 GPixel/s,16nm,$699.00,7680x4320,Yes,5.0,354 GTexel/s,0
Pascal P102 ,3840 x 2160,1582 MHz ,1480 MHz,2,DX 12.1,3,1,3072KB,Nvidia,220 Watts,11264 MB ,484.4GB/sec,352 Bit ,1376 MHz,GDDR5X,GeForce GTX 1080 Ti,4.5,600 Watt & 42 Amps,139 GPixel/s,16nm,$699.00,7680x4320,Yes,5.0,354 GTexel/s,0
Pascal P104-400-A1 ,2560 x 1600,1733 MHz ,1607 MHz,1,DX 12.1,3,1,2048KB,Nvidia,180 Watts,8192 MB ,320.3GB/sec,256 Bit ,1251 MHz,GDDR5X,GeForce GTX 1080 PNY Founders 8GB Edition,4.5,500 Watt & 33 Amps,111 GPixel/s,16nm,$699.00,7680x4320,Yes,5.0,277 GTexel/s,0
Pascal P104-400-A1 ,2560 x 1600,1733 MHz ,1607 MHz,1,DX 12.1,3,1,2048KB,Nvidia,180 Watts,8192 MB ,320.3GB/sec,256 Bit ,1251 MHz,GDDR5X,GeForce GTX 1080 Palit Founders 8GB Edition,4.5,500 Watt & 33 Amps,111 GPixel/s,16nm,$699.00,7680x4320,Yes,5.0,277 GTexel/s,0
Pascal P104-400-A1 (x2) ,3840 x 2160,1733 MHz ,1607 MHz,1,DX 12.1,3,1,2048KB(x2),Nvidia,360 Watts,16384 MB ,640.5GB/sec,256 Bit ,1251 MHz,GDDR5X,GeForce GTX 1080 SLI,4.5,600 Watt & 42 Amps,222 GPixel/s,16nm,$1199.00,7680x4320,Yes,5.0,555 GTexel/s,0
Pascal P104-400-A1 ,2560 x 1600,1733 MHz ,1607 MHz,1,DX 12.1,3,1,2048KB,Nvidia,180 Watts,8192 MB ,320GB/sec,256 Bit ,1250 MHz,GDDR5X,GeForce GTX 1080 MSI Founders 8GB Edition,4.5,500 Watt & 33 Amps,111 GPixel/s,16nm,$699.00,7680x4320,Yes,5.0,277 GTexel/s,0
Pascal P104-400-A1 ,2560 x 1600,1847 MHz ,1708 MHz,1,DX 12.1,3,1,2048KB,Nvidia,180 Watts,8192 MB ,323.3GB/sec,256 Bit ,1263 MHz,GDDR5X,GeForce GTX 1080 MSI Gaming X 8GB Edition,4.5,500 Watt & 33 Amps,118 GPixel/s,16nm,$719.00,7680x4320,Yes,5.0,296 GTexel/s,0
Pascal P104-400-A1 ,2560 x 1600,1733 MHz ,1607 MHz,2,DX 12.1,3,1,2048KB,Nvidia,180 Watts,8192 MB ,320GB/sec,256 Bit ,1250 MHz,GDDR5X,GeForce GTX 1080 Gigabyte Founders 8GB Edition,4.5,500 Watt & 33 Amps,111 GPixel/s,16nm,$699.00,7680x4320,Yes,5.0,277 GTexel/s,0
Pascal P104-400-A1 ,2560 x 1600,1835 MHz ,1695 MHz,1,DX 12.1,3,1,2048KB,Nvidia,180 Watts,8192 MB ,320.3GB/sec,256 Bit ,1251 MHz,GDDR5X,GeForce GTX 1080 Gigabyte G1 Gaming 8GB Edition,4.5,500 Watt & 33 Amps,117 GPixel/s,16nm,$649.00,7680x4320,Yes,5.0,294 GTexel/s,0
Pascal P104-400-A1 ,2560 x 1600,1860 MHz ,1721 MHz,1,DX 12.1,3,1,2048KB,Nvidia,215 Watts,8192 MB ,320.3GB/sec,256 Bit ,1251 MHz,GDDR5X,GeForce GTX 1080 EVGA FTW ACX 3.0 8GB Edition,4.5,500 Watt & 33 Amps,119 GPixel/s,16nm,$679.00,7680x4320,Yes,5.0,298 GTexel/s,0
Pascal P104-400-A1 ,2560 x 1600,1733 MHz ,1607 MHz,2,DX 12.1,3,1,2048KB,Nvidia,180 Watts,8192 MB ,320.3GB/sec,256 Bit ,1251 MHz,GDDR5X,GeForce GTX 1080 EVGA ACX 3.0 8GB Edition,4.5,500 Watt & 33 Amps,111 GPixel/s,16nm,$619.00,7680x4320,Yes,5.0,277 GTexel/s,0
Pascal P104-400-A1 ,2560 x 1600,1733 MHz ,1607 MHz,2,DX 12.1,3,1,2048KB,Nvidia,180 Watts,8192 MB ,320.3GB/sec,256 Bit ,1251 MHz,GDDR5X,GeForce GTX 1080 Inno3D Founders 8GB Edition,4.5,500 Watt & 33 Amps,111 GPixel/s,16nm,$699.00,7680x4320,Yes,5.0,277 GTexel/s,0
Pascal P104-400-A1 ,2560 x 1600,1733 MHz ,1607 MHz,1,DX 12.1,3,1,2048KB,Nvidia,180 Watts,8192 MB ,320.3GB/sec,256 Bit ,1251 MHz,GDDR5X,GeForce GTX 1080 EVGA 8GB Edition,4.5,500 Watt & 33 Amps,111 GPixel/s,16nm,$609.00,7680x4320,Yes,5.0,277 GTexel/s,0
Pascal P104-400-A1 ,2560 x 1600,1771 MHz ,1632 MHz,1,DX 12.1,2,2,2048KB,Nvidia,300 Watts,8192 MB ,320.3GB/sec,256 Bit ,1251 MHz,GDDR5X,GeForce GTX 1080 Asus ROG Strix Gaming 8GB,4.5,500 Watt & 33 Amps,113 GPixel/s,16nm,$669.00,7680x4320,No,5.0,283 GTexel/s,0
Pascal P104-400-A1 ,2560 x 1600,1936 MHz ,1784 MHz,1,DX 12.1,2,2,2048KB,Nvidia,300 Watts,8192 MB ,320.3GB/sec,256 Bit ,1251 MHz,GDDR5X,GeForce GTX 1080 Asus ROG Strix Gaming OC 8GB Edition,4.5,500 Watt & 33 Amps,124 GPixel/s,16nm,$829.00,7680x4320,Yes,5.0,310 GTexel/s,0
Pascal P104-400-A1 ,2560 x 1600,1847 MHz ,1708 MHz,1,DX 12.1,3,1,2048KB,Nvidia,180 Watts,8192 MB ,320.3GB/sec,256 Bit ,1251 MHz,GDDR5X,GeForce GTX 1080 EVGA SuperClocked ACX 3.0 8GB Edition,4.5,500 Watt & 33 Amps,118 GPixel/s,16nm,$649.00,7680x4320,Yes,5.0,296 GTexel/s,0
Pascal P104-400-A1 ,2560 x 1600,1733 MHz ,1607 MHz,1,DX 12.1,3,1,2048KB,Nvidia,180 Watts,8192 MB ,320.3GB/sec,256 Bit ,1251 MHz,GDDR5X,GeForce GTX 1080 EVGA Founders 8GB Edition,4.5,500 Watt & 33 Amps,111 GPixel/s,16nm,$699.00,7680x4320,Yes,5.0,277 GTexel/s,0
Pascal P104-400-A1 ,2560 x 1600,1733 MHz ,1607 MHz,1,DX 12.1,3,1,2048KB,Nvidia,180 Watts,8192 MB ,320.3GB/sec,256 Bit ,1251 MHz,GDDR5X,GeForce GTX 1080 Asus Founders 8GB Edition,4.5,500 Watt & 33 Amps,111 GPixel/s,16nm,$699.00,7680x4320,Yes,5.0,277 GTexel/s,0
Pascal P104-200-A1 ,2560 x 1600,1683 MHz ,1506 MHz,1,DX 12.1,3,1,2048KB,Nvidia,150 Watts,8192 MB ,272GB/sec,256 Bit ,2125 MHz,GDDR5,GeForce GTX 1070 Palit JetStream,4.5,500 Watt & 33 Amps,108 GPixel/s,16nm,$485.00,7680x4320,No,5.0,202 GTexel/s,0
Pascal P104-200-A1 ,2560 x 1600,1797 MHz ,1607 MHz,1,DX 12.1,3,1,2048KB,Nvidia,220 Watts,8192 MB ,256.3GB/sec,256 Bit ,2002 MHz,GDDR5,GeForce GTX 1070 Zotac AMP!,4.5,500 Watt & 33 Amps,115 GPixel/s,16nm,$450.00,7680x4320,No,5.0,216 GTexel/s,0
Pascal P104-200-A1 ,2560 x 1600,1683 MHz ,1506 MHz,1,DX 12.1,3,1,1024KB(x2),Nvidia,150 Watts,8192 MB ,256.3GB/sec,128 Bit ,2002 MHz,GDDR5,GeForce GTX 1070 SLI,4.5,500 Watt & 33 Amps,108 GPixel/s,16nm,$379.00,7680x4320,Yes,5.0,202 GTexel/s,0
Pascal P104-200-A1 ,2560 x 1600,1873 MHz ,1670 MHz,1,DX 12.1,3,1,2048KB,Nvidia,150 Watts,8192 MB ,272GB/sec,256 Bit ,2125 MHz,GDDR5,GeForce GTX 1070 Palit GameRock Premium,4.5,500 Watt & 33 Amps,120 GPixel/s,16nm,$585.00,7680x4320,No,5.0,225 GTexel/s,0
Pascal P104-200-A1 ,2560 x 1600,1835 MHz ,1632 MHz,1,DX 12.1,3,1,2048KB,Nvidia,150 Watts,8192 MB ,262.7GB/sec,256 Bit ,2052 MHz,GDDR5,GeForce GTX 1070 Zotac AMP! Xtreme,4.5,500 Watt & 33 Amps,117 GPixel/s,16nm,$450.00,7680x4320,No,5.0,220 GTexel/s,0
Pascal P104-400-A1 ,2560 x 1600,1733 MHz ,1607 MHz,1,DX 12.1,3,1,2048KB,Nvidia,180 Watts,8192 MB ,320.3GB/sec,256 Bit ,1251 MHz,GDDR5X,GeForce GTX 1080,4.5,500 Watt & 33 Amps,111 GPixel/s,16nm,$699.99,7680x4320,Yes,5.0,277 GTexel/s,0
Pascal P104-200-A1 ,2560 x 1600,1797 MHz ,1607 MHz,1,DX 12.1,3,1,2048KB,Nvidia,150 Watts,8192 MB ,259.5GB/sec,256 Bit ,2027 MHz,GDDR5,GeForce GTX 1070 MSI Gaming X 8GB Edition,4.5,500 Watt & 33 Amps,115 GPixel/s,16nm,$450.00,7680x4320,Yes,5.0,216 GTexel/s,0
Pascal P104-200-A1 ,2560 x 1600,1835 MHz ,1632 MHz,1,DX 12.1,3,1,2048KB,Nvidia,150 Watts,8192 MB ,272.3GB/sec,256 Bit ,2127 MHz,GDDR5,GeForce GTX 1070 Palit Super JetStream,4.5,500 Watt & 33 Amps,117 GPixel/s,16nm,$560.00,7680x4320,No,5.0,220 GTexel/s,0
Pascal P104-200-A1 ,2560 x 1600,1759 MHz ,1569 MHz,1,DX 12.1,3,1,2048KB,Nvidia,150 Watts,8192 MB ,256.3GB/sec,256 Bit ,2002 MHz,GDDR5,GeForce GTX 1070 Leadtek WinFast HURRICANE,4.5,500 Watt & 33 Amps,113 GPixel/s,16nm,$450.00,7680x4320,No,5.0,211 GTexel/s,0
Pascal P104-200-A1 ,2560 x 1600,1898 MHz ,1695 MHz,1,DX 12.1,3,1,2048KB,Nvidia,150 Watts,8192 MB ,256.3GB/sec,256 Bit ,2002 MHz,GDDR5,GeForce GTX 1070 Gigabyte Xtreme Gaming,4.5,500 Watt & 33 Amps,121 GPixel/s,16nm,$480.00,7680x4320,No,5.0,228 GTexel/s,0
Pascal P104-200-A1 ,2560 x 1600,1771 MHz ,1582 MHz,1,DX 12.1,3,1,2048KB,Nvidia,150 Watts,8192 MB ,256.3GB/sec,256 Bit ,2002 MHz,GDDR5,GeForce GTX 1070 Gigabyte Windforce OC,4.5,500 Watt & 33 Amps,113 GPixel/s,16nm,$400.00,7680x4320,No,5.0,213 GTexel/s,0
Pascal P104-200-A1 ,2560 x 1600,1683 MHz ,1506 MHz,1,DX 12.1,3,1,2048KB,Nvidia,150 Watts,8192 MB ,256.3GB/sec,256 Bit ,2002 MHz,GDDR5,GeForce GTX 1070 Gigabyte Founders 8GB Edition,4.5,500 Watt & 33 Amps,108 GPixel/s,16nm,$449.00,7680x4320,Yes,5.0,202 GTexel/s,0
Pascal P104-200-A1 ,2560 x 1600,1873 MHz ,1670 MHz,1,DX 12.1,3,1,2048KB,Nvidia,150 Watts,8192 MB ,272.3GB/sec,256 Bit ,2127 MHz,GDDR5,GeForce GTX 1070 Gainward Phoenix GLH,4.5,500 Watt & 33 Amps,120 GPixel/s,16nm,$590.00,7680x4320,No,5.0,225 GTexel/s,0
Pascal P104-200-A1 ,2560 x 1600,1784 MHz ,1594 MHz,1,DX 12.1,3,1,2048KB,Nvidia,180 Watts,8192 MB ,256.3GB/sec,256 Bit ,2002 MHz,GDDR5,GeForce GTX 1070 EVGA SC GAMING ACX 3.0 8GB Edition,4.5,500 Watt & 33 Amps,114 GPixel/s,16nm,$439.00,7680x4320,Yes,5.0,214 GTexel/s,0
Pascal P104-200-A1 ,2560 x 1600,1683 MHz ,1506 MHz,1,DX 12.1,3,1,2048KB,Nvidia,150 Watts,8192 MB ,256.3GB/sec,256 Bit ,2002 MHz,GDDR5,GeForce GTX 1070 EVGA Founders 8GB Edition,4.5,500 Watt & 33 Amps,108 GPixel/s,16nm,$449.00,7680x4320,Yes,5.0,202 GTexel/s,0
Pascal P104-200-A1 ,2560 x 1600,1683 MHz ,1506 MHz,1,DX 12.1,3,1,2048KB,Nvidia,150 Watts,8192 MB ,256.3GB/sec,256 Bit ,2002 MHz,GDDR5,GeForce GTX 1070 EVGA ACX 3.0 8GB Edition,4.5,500 Watt & 33 Amps,108 GPixel/s,16nm,$419.00,7680x4320,Yes,5.0,202 GTexel/s,0
Pascal P104-200-A1 ,2560 x 1600,1683 MHz ,1506 MHz,1,DX 12.1,3,1,2048KB,Nvidia,150 Watts,8192 MB ,256.3GB/sec,256 Bit ,2002 MHz,GDDR5,GeForce GTX 1070 Gainward,4.5,500 Watt & 33 Amps,108 GPixel/s,16nm,$438.00,7680x4320,No,5.0,202 GTexel/s,0
Pascal P104-200-A1 ,2560 x 1600,1683 MHz ,1506 MHz,1,DX 12.1,3,1,2048KB,Nvidia,150 Watts,8192 MB ,256.3GB/sec,256 Bit ,2002 MHz,GDDR5,GeForce GTX 1070 MSI Founders 8GB Edition,4.5,500 Watt & 33 Amps,108 GPixel/s,16nm,$449.00,7680x4320,Yes,5.0,202 GTexel/s,0
Pascal P104-200-A1 ,2560 x 1600,1721 MHz ,1531 MHz,1,DX 12.1,2,2,2048KB,Nvidia,150 Watts,8192 MB ,256.3GB/sec,256 Bit ,2002 MHz,GDDR5,GeForce GTX 1070 Asus Turbo,4.5,500 Watt & 33 Amps,110 GPixel/s,16nm,$438.00,7680x4320,No,5.0,207 GTexel/s,0
Pascal P104-200-A1 ,2560 x 1600,1721 MHz ,1531 MHz,1,DX 12.1,2,2,2048KB,Nvidia,150 Watts,8192 MB ,256.3GB/sec,256 Bit ,2002 MHz,GDDR5,GeForce GTX 1070 Asus ROG Strix Gaming 8GB,4.5,500 Watt & 33 Amps,110 GPixel/s,16nm,$485.00,7680x4320,No,5.0,207 GTexel/s,0
Pascal P104-200-A1 ,2560 x 1600,1683 MHz ,1506 MHz,1,DX 12.1,3,1,1024KB(x2),Nvidia,150 Watts,8192 MB ,256.3GB/sec,128 Bit ,2002 MHz,GDDR5,GeForce GTX 1070 Asus Founders SLI,4.5,500 Watt & 33 Amps,108 GPixel/s,16nm,$379.00,7680x4320,Yes,5.0,202 GTexel/s,0
Pascal P104-200-A1 ,2560 x 1600,1683 MHz ,1506 MHz,1,DX 12.1,3,1,2048KB,Nvidia,150 Watts,8192 MB ,256.3GB/sec,256 Bit ,2002 MHz,GDDR5,GeForce GTX 1070 Asus Founders,4.5,500 Watt & 33 Amps,108 GPixel/s,16nm,$379.00,7680x4320,Yes,5.0,202 GTexel/s,0
Pascal P104-200-A1 ,2560 x 1600,1771 MHz ,1582 MHz,1,DX 12.1,2,2,2048KB,Nvidia,150 Watts,8192 MB ,256.3GB/sec,256 Bit ,2002 MHz,GDDR5,GeForce GTX 1070 Asus Dual,4.5,500 Watt & 33 Amps,113 GPixel/s,16nm,$430.00,7680x4320,No,5.0,213 GTexel/s,0
Pascal P106-400-A1 ,2560 x 1440,1847 MHz ,1620 MHz,1,DX 12.1,3,1,2048KB,Nvidia,120 Watts,6144 MB ,192.2GB/sec,192 Bit ,2002 MHz,GDDR5,GeForce GTX 1060 Palit Super Jetstream 6GB,4.5,400 Watt & 27 Amps,89 GPixel/s,16nm,$320.00,7680x4320,No,5.0,148 GTexel/s,0
Pascal P106-400-A1 ,2560 x 1440,1708 MHz ,1506 MHz,1,DX 12.1,3,1,2048KB,Nvidia,120 Watts,6144 MB ,192.2GB/sec,192 Bit ,2002 MHz,GDDR5,GeForce GTX 1060 Zotac Mini 6GB,4.5,400 Watt & 27 Amps,82 GPixel/s,16nm,$318.00,7680x4320,No,5.0,137 GTexel/s,0
Pascal P106-400-A1 ,2560 x 1440,1709 MHz ,1506 MHz,1,DX 12.1,3,1,2048KB,Nvidia,120 Watts,6144 MB ,192.2GB/sec,192 Bit ,2002 MHz,GDDR5,GeForce GTX 1060 Palit Jetstream 6GB,4.5,400 Watt & 27 Amps,82 GPixel/s,16nm,$300.00,7680x4320,No,5.0,137 GTexel/s,0
Pascal P106-400-A1 ,2560 x 1440,1771 MHz ,1556 MHz,1,DX 12.1,3,1,2048KB,Nvidia,120 Watts,6144 MB ,192.2GB/sec,192 Bit ,2002 MHz,GDDR5,GeForce GTX 1060 Zotac AMP 6GB Edition,4.5,400 Watt & 27 Amps,85 GPixel/s,16nm,$339.00,7680x4320,No,5.0,142 GTexel/s,0
Pascal P104-200-A1 ,2560 x 1600,1683 MHz ,1506 MHz,1,DX 12.1,3,1,2048KB,Nvidia,150 Watts,8192 MB ,256.3GB/sec,256 Bit ,2002 MHz,GDDR5,GeForce GTX 1070,4.5,500 Watt & 33 Amps,108 GPixel/s,16nm,$379.00,7680x4320,Yes,5.0,202 GTexel/s,0
Pascal P106-400-A1 ,2560 x 1440,1784 MHz ,1569 MHz,1,DX 12.1,3,1,2048KB,Nvidia,120 Watts,6144 MB ,192.2GB/sec,192 Bit ,2002 MHz,GDDR5,GeForce GTX 1060 MSI Gaming X 6G Edition,4.5,400 Watt & 27 Amps,86 GPixel/s,16nm,$289.00,7680x4320,No,5.0,143 GTexel/s,0
Pascal P106-400-A1 ,2560 x 1440,1733 MHz ,1518 MHz,1,DX 12.1,3,1,2048KB,Nvidia,120 Watts,6144 MB ,192.2GB/sec,192 Bit ,2002 MHz,GDDR5,GeForce GTX 1060 MSI Gaming 6GB,4.5,400 Watt & 27 Amps,83 GPixel/s,16nm,$289.99,7680x4320,No,5.0,139 GTexel/s,0
Pascal P106-400-A1 ,2560 x 1440,1759 MHz ,1544 MHz,1,DX 12.1,2,1,2048KB,Nvidia,120 Watts,6144 MB ,194.6GB/sec,192 Bit ,2027 MHz,GDDR5,GeForce GTX 1060 MSI Armor 6G OC,4.5,400 Watt & 27 Amps,84 GPixel/s,16nm,$279.00,7680x4320,No,5.0,141 GTexel/s,0
Pascal P106-400-A1 ,2560 x 1440,1759 MHz ,1544 MHz,1,DX 12.1,2,1,2048KB,Nvidia,120 Watts,6144 MB ,194.6GB/sec,192 Bit ,2027 MHz,GDDR5,GeForce GTX 1060 MSI 6GT OC,4.5,400 Watt & 27 Amps,84 GPixel/s,16nm,$249.00,7680x4320,No,5.0,141 GTexel/s,0
Pascal P106-400-A1 ,2560 x 1440,1771 MHz ,1556 MHz,2,DX 12.1,1,1,2048KB,Nvidia,120 Watts,6144 MB ,192.2GB/sec,192 Bit ,2002 MHz,GDDR5,GeForce GTX 1060 KFA2 EX OC White 6GB,4.5,400 Watt & 27 Amps,85 GPixel/s,16nm,$330.00,7680x4320,No,5.0,142 GTexel/s,0
Pascal P104-200-A1 ,2560 x 1600,1835 MHz ,1632 MHz,1,DX 12.1,3,1,2048KB,Nvidia,150 Watts,8192 MB ,272.3GB/sec,256 Bit ,2127 MHz,GDDR5,GeForce GTX 1070 Gainward Phoenix GS,4.5,500 Watt & 33 Amps,117 GPixel/s,16nm,$585.00,7680x4320,No,5.0,220 GTexel/s,0
Pascal P106-400-A1 ,2560 x 1440,1784 MHz ,1569 MHz,1,DX 12.1,3,1,2048KB,Nvidia,120 Watts,6144 MB ,197GB/sec,192 Bit ,2052 MHz,GDDR5,GeForce GTX 1060 Inno3D iChill X3,4.5,400 Watt & 27 Amps,86 GPixel/s,16nm,$370.00,7680x4320,No,5.0,143 GTexel/s,0
Pascal P106-400-A1 ,2560 x 1440,1784 MHz ,1569 MHz,1,DX 12.1,3,1,2048KB,Nvidia,130 Watts,6144 MB ,192.2GB/sec,192 Bit ,2002 MHz,GDDR5,GeForce GTX 1060 Inno3D Gaming OC 6GB,4.5,400 Watt & 27 Amps,86 GPixel/s,16nm,$349.99,7680x4320,No,5.0,143 GTexel/s,0
Pascal P106-400-A1 ,2560 x 1440,1847 MHz ,1620 MHz,1,DX 12.1,3,1,2048KB,Nvidia,120 Watts,6144 MB ,192.2GB/sec,192 Bit ,2002 MHz,GDDR5,GeForce GTX 1060 Gigabyte Xtreme Gaming 6GB,4.5,400 Watt & 27 Amps,89 GPixel/s,16nm,$319.49,7680x4320,No,5.0,148 GTexel/s,0
Pascal P106-400-A1 ,2560 x 1440,1709 MHz ,1506 MHz,1,DX 12.1,3,1,2048KB,Nvidia,120 Watts,6144 MB ,192.2GB/sec,192 Bit ,2002 MHz,GDDR5,GeForce GTX 1060 Inno3D Compact 6GB,4.5,400 Watt & 27 Amps,82 GPixel/s,16nm,$299.99,7680x4320,No,5.0,137 GTexel/s,0
Pascal P106-400-A1 ,2560 x 1440,1746 MHz ,1531 MHz,2,DX 12.1,1,1,2048KB,Nvidia,120 Watts,6144 MB ,192.2GB/sec,192 Bit ,2002 MHz,GDDR5,GeForce GTX 1060 Gigabyte Mini ITX OC 6GB,4.5,400 Watt & 27 Amps,84 GPixel/s,16nm,$292.00,7680x4320,No,5.0,140 GTexel/s,0
Pascal P106-400-A1 ,1920 x 1080,1771 MHz ,1556 MHz,2,DX 12.1,1,1,2048KB,Nvidia,120 Watts,6144 MB ,192.2GB/sec,192 Bit ,2002 MHz,GDDR5,GeForce GTX 1060 Gigabyte Windforce 2X OC 6GB,4.5,400 Watt & 27 Amps,85 GPixel/s,16nm,$300.64,7680x4320,No,5.0,142 GTexel/s,0
Pascal P106-400-A1 ,2560 x 1440,1809 MHz ,1594 MHz,1,DX 12.1,3,1,2048KB,Nvidia,120 Watts,6144 MB ,192.2GB/sec,192 Bit ,2002 MHz,GDDR5,GeForce GTX 1060 Gigabyte GTX G1 Gaming 6GB,4.5,400 Watt & 27 Amps,87 GPixel/s,16nm,$289.99,7680x4320,No,5.0,145 GTexel/s,0
Pascal P106-400-A1 ,1920 x 1080,1733 MHz ,1518 MHz,1,DX 12.1,1,1,2048KB,Nvidia,120 Watts,3072 MB ,192.2GB/sec,192 Bit ,2002 MHz,GDDR5,GeForce GTX 1060 Galax OC 3GB,4.5,400 Watt & 27 Amps,83 GPixel/s,16nm,$249.99,7680x4320,No,5.0,125 GTexel/s,0
Pascal P106-400-A1 ,2560 x 1440,1709 MHz ,1506 MHz,1,DX 12.1,3,1,2048KB,Nvidia,120 Watts,6144 MB ,192.2GB/sec,192 Bit ,2002 MHz,GDDR5,GeForce GTX 1060 EVGA ACX 2.0 6GB,4.5,400 Watt & 27 Amps,82 GPixel/s,16nm,$249.99,7680x4320,No,5.0,137 GTexel/s,0
Pascal P106-400-A1 ,2560 x 1440,1709 MHz ,1506 MHz,1,DX 12.1,2,2,2048KB,Nvidia,120 Watts,6144 MB ,192.2GB/sec,192 Bit ,2002 MHz,GDDR5,GeForce GTX 1060 Asus Turbo 6GB,4.5,400 Watt & 27 Amps,82 GPixel/s,16nm,$259.99,7680x4320,No,5.0,137 GTexel/s,0
Pascal P106-400-A1 ,2560 x 1440,1709 MHz ,1506 MHz,1,DX 12.1,3,1,2048KB,Nvidia,120 Watts,6144 MB ,192.2GB/sec,192 Bit ,2002 MHz,GDDR5,GeForce GTX 1060,4.5,400 Watt & 27 Amps,82 GPixel/s,16nm,$249.00,7680x4320,No,5.0,137 GTexel/s,0
Pascal P107 ,1600 x 900,1455 MHz ,1354 MHz,1,DX 12.1,1,1,1024KB,Nvidia,75 Watts,2048 MB ,112.1GB/sec,128 Bit ,1752 MHz,GDDR5,GeForce GTX 1050 Zotac Mini 2GB,4.5,300 Watt & 27 Amps,47 GPixel/s,14nm,$130.00,7680x4320,No,5,58 GTexel/s,0
Pascal P107 ,1920 x 1080,1506 MHz ,1392 MHz,1,DX 12.1,1,1,1024KB,Nvidia,75 Watts,4096 MB ,112.1GB/sec,128 Bit ,1752 MHz,GDDR5,GeForce GTX 1050 Ti Zotac OC Edition 4GB,4.5,300 Watt & 27 Amps,48 GPixel/s,16nm,$150.00,7680x4320,No,5,72 GTexel/s,0
Pascal P107 ,1920 x 1080,1417 MHz ,1303 MHz,1,DX 12.1,1,1,1024KB,Nvidia,75 Watts,4096 MB ,112.1GB/sec,128 Bit ,1752 MHz,GDDR5,GeForce GTX 1050 Ti Zotac Mini 4GB,4.5,300 Watt & 27 Amps,45 GPixel/s,16nm,$140.00,7680x4320,No,5,68 GTexel/s,0
Pascal P107 ,1920 x 1080,1480 MHz ,1366 MHz,1,DX 12.1,3,1,1024KB,Nvidia,75 Watts,4096 MB ,112.1GB/sec,128 Bit ,1752 MHz,GDDR5,GeForce GTX 1050 Ti PNY XLR8 Gaming Overclocked Edition 4GB,4.5,300 Watt & 27 Amps,47 GPixel/s,16nm,$160.00,7680x4320,No,5,71 GTexel/s,0
Pascal P107 ,1920 x 1080,1455 MHz ,1341 MHz,1,DX 12.1,1,1,1024KB,Nvidia,75 Watts,4096 MB ,112.1GB/sec,128 Bit ,1752 MHz,GDDR5,GeForce GTX 1050 Ti MSI OC T 4GB,4.5,300 Watt & 27 Amps,47 GPixel/s,16nm,$150.00,7680x4320,No,5,70 GTexel/s,0
Pascal P107 ,1920 x 1080,1430 MHz ,1316 MHz,1,DX 12.1,1,1,1024KB,Nvidia,75 Watts,4096 MB ,112.1GB/sec,128 Bit ,1752 MHz,GDDR5,GeForce GTX 1050 Ti MSI Gaming 4GB,4.5,300 Watt & 27 Amps,46 GPixel/s,16nm,$150.00,7680x4320,No,5,69 GTexel/s,0
Pascal P107 ,1920 x 1080,1392 MHz ,1290 MHz,1,DX 12.1,1,1,1024KB,Nvidia,75 Watts,4096 MB ,112.1GB/sec,128 Bit ,1752 MHz,GDDR5,GeForce GTX 1050 Ti PNY 4GB,4.5,300 Watt & 27 Amps,45 GPixel/s,16nm,$150.00,7680x4320,No,5,67 GTexel/s,0
Pascal P107 ,1920 x 1080,1392 MHz ,1290 MHz,1,DX 12.1,1,1,1024KB,Nvidia,75 Watts,4096 MB ,112.1GB/sec,128 Bit ,1752 MHz,GDDR5,GeForce GTX 1050 Ti MSI 4GB,4.5,300 Watt & 27 Amps,45 GPixel/s,16nm,$150.00,7680x4320,No,5,67 GTexel/s,0
Pascal P107 ,1920 x 1080,1493 MHz ,1379 MHz,1,DX 12.1,1,1,1024KB,Nvidia,75 Watts,4096 MB ,112.1GB/sec,128 Bit ,1752 MHz,GDDR5,GeForce GTX 1050 Ti MSI Gaming X 4GB,4.5,300 Watt & 27 Amps,48 GPixel/s,16nm,$165.00,7680x4320,No,5,72 GTexel/s,0
Pascal P107 ,1600 x 900,1468 MHz ,1354 MHz,1,DX 12.1,1,3,1024KB,Nvidia,75 Watts,4096 MB ,112.1GB/sec,128 Bit ,1752 MHz,GDDR5,GeForce GTX 1050 Ti Gigabyte Windforce OC 4GB,4.5,300 Watt & 27 Amps,47 GPixel/s,14nm,$160.00,7680x4320,No,5,70 GTexel/s,0
Pascal P107 ,1920 x 1080,1430 MHz ,1316 MHz,1,DX 12.1,1,1,1024KB,Nvidia,75 Watts,4096 MB ,112.1GB/sec,128 Bit ,1752 MHz,GDDR5,GeForce GTX 1050 Ti Gigabyte D5 4GB,4.5,300 Watt & 27 Amps,46 GPixel/s,16nm,$140.00,7680x4320,No,5,69 GTexel/s,0
Pascal P107 ,1920 x 1080,1506 MHz ,1392 MHz,1,DX 12.1,1,3,1024KB,Nvidia,75 Watts,4096 MB ,112.1GB/sec,128 Bit ,1752 MHz,GDDR5,GeForce GTX 1050 Ti Gigabyte G1 Gaming 4GB,4.5,300 Watt & 27 Amps,48 GPixel/s,16nm,$170.00,7680x4320,No,5,72 GTexel/s,0
Pascal P107 ,1920 x 1080,1392 MHz ,1290 MHz,1,DX 12.1,1,1,1024KB,Nvidia,75 Watts,4096 MB ,112.1GB/sec,128 Bit ,1752 MHz,GDDR5,GeForce GTX 1050 Ti EVGA Gaming 4GB,4.5,300 Watt & 27 Amps,45 GPixel/s,16nm,$145.00,7680x4320,No,5,67 GTexel/s,0
Pascal P107 ,1920 x 1080,1455 MHz ,1341 MHz,1,DX 12.1,1,1,1024KB,Nvidia,75 Watts,4096 MB ,112.1GB/sec,128 Bit ,1752 MHz,GDDR5,GeForce GTX 1050 Ti MSI OC 4GB,4.5,300 Watt & 27 Amps,47 GPixel/s,16nm,$140.00,7680x4320,No,5,70 GTexel/s,0
Pascal P107 ,1920 x 1080,1480 MHz ,1366 MHz,1,DX 12.1,1,1,1024KB,Nvidia,75 Watts,4096 MB ,112.1GB/sec,128 Bit ,1752 MHz,GDDR5,GeForce GTX 1050 Ti EVGA SSC Gaming ACX 3.0 4GB,4.5,300 Watt & 27 Amps,47 GPixel/s,16nm,$160.00,7680x4320,No,5,71 GTexel/s,0
Pascal P107 ,1920 x 1080,1468 MHz ,1354 MHz,1,DX 12.1,1,1,1024KB,Nvidia,75 Watts,4096 MB ,112.1GB/sec,128 Bit ,1752 MHz,GDDR5,GeForce GTX 1050 Ti EVGA SC Gaming 4GB,4.5,300 Watt & 27 Amps,47 GPixel/s,16nm,$150.00,7680x4320,No,5,70 GTexel/s,0
Pascal P107 ,1920 x 1080,1392 MHz ,1290 MHz,1,DX 12.1,1,1,1024KB,Nvidia,75 Watts,4096 MB ,112.1GB/sec,128 Bit ,1752 MHz,GDDR5,GeForce GTX 1050 Ti 4GB,4.5,300 Watt & 27 Amps,45 GPixel/s,16nm,$149.00,7680x4320,No,5,67 GTexel/s,0
Pascal P107 ,1600 x 900,1455 MHz ,1354 MHz,1,DX 12.1,1,1,1024KB,Nvidia,75 Watts,2048 MB ,112.1GB/sec,128 Bit ,1752 MHz,GDDR5,GeForce GTX 1050 PNY 2GB,4.5,300 Watt & 27 Amps,47 GPixel/s,14nm,$120.00,7680x4320,No,5,58 GTexel/s,0
Pascal P107 ,1600 x 900,1518 MHz ,1404 MHz,1,DX 12.1,1,1,1024KB,Nvidia,75 Watts,2048 MB ,112.1GB/sec,128 Bit ,1752 MHz,GDDR5,GeForce GTX 1050 MSI OC T 2GB,4.5,300 Watt & 27 Amps,49 GPixel/s,14nm,$130.00,7680x4320,No,5,61 GTexel/s,0
Pascal P107 ,1600 x 900,1493 MHz ,1379 MHz,1,DX 12.1,1,1,1024KB,Nvidia,75 Watts,2048 MB ,112.1GB/sec,128 Bit ,1752 MHz,GDDR5,GeForce GTX 1050 MSI Gaming 2GB,4.5,300 Watt & 27 Amps,48 GPixel/s,14nm,$130.00,7680x4320,No,5,60 GTexel/s,0
Pascal P107 ,1600 x 900,1518 MHz ,1404 MHz,1,DX 12.1,1,1,1024KB,Nvidia,75 Watts,2048 MB ,112.1GB/sec,128 Bit ,1752 MHz,GDDR5,GeForce GTX 1050 MSI OC 2GB,4.5,300 Watt & 27 Amps,49 GPixel/s,14nm,$130.00,7680x4320,No,5,61 GTexel/s,0
Pascal P107 ,1600 x 900,1556 MHz ,1442 MHz,1,DX 12.1,1,1,1024KB,Nvidia,75 Watts,2048 MB ,112.1GB/sec,128 Bit ,1752 MHz,GDDR5,GeForce GTX 1050 MSI Gaming X 2GB,4.5,300 Watt & 27 Amps,50 GPixel/s,14nm,$130.00,7680x4320,No,5,62 GTexel/s,0
Pascal P107 ,1600 x 900,1455 MHz ,1354 MHz,1,DX 12.1,1,1,1024KB,Nvidia,75 Watts,2048 MB ,112.1GB/sec,128 Bit ,1752 MHz,GDDR5,GeForce GTX 1050 MSI 2GB,4.5,300 Watt & 27 Amps,47 GPixel/s,14nm,$130.00,7680x4320,No,5,58 GTexel/s,0
Pascal P107 ,1600 x 900,1455 MHz ,1354 MHz,1,DX 12.1,1,1,1024KB,Nvidia,75 Watts,2048 MB ,112.1GB/sec,128 Bit ,1752 MHz,GDDR5,GeForce GTX 1050,4.5,300 Watt & 27 Amps,47 GPixel/s,14nm,$150.00,7680x4320,Yes,5,58 GTexel/s,0
Kepler GK104-300-KD-A2 ,1920 x 1080,1110 MHz ,1032 MHz,2,DX 12.0,1,1,384KB,Nvidia,150 Watts,2048 MB ,144.2GB/sec,192 Bit ,1502 MHz,GDDR5,GeForce GTX 660 Ti WindForce 2X OC Edition,4.5,450 Watt & 33 Amps,27 GPixel/s,28nm,$299.00,4096x2160,Yes,5.0,124 GTexel/s,0
Kepler GK104-300-KD-A2 (x2) ,2560 x 1440,1110 MHz ,1032 MHz,2,DX 12.0,1,1,384KB(x2),Nvidia,300 Watts,4096 MB ,288.4GB/sec,192 Bit ,1502 MHz,GDDR5,GeForce GTX 660 Ti Gigabyte WindForce 2X OC 2GB Edition SLI,4.5,600 Watt & 42 Amps,53 GPixel/s,28nm,$599.00,4096x2160,Yes,5.0,249 GTexel/s,0
Kepler GK104-300-KD-A2 ,1920 x 1080,980 MHz ,915 MHz,2,DX 12.0,1,1,384KB,Nvidia,150 Watts,2048 MB ,144.2GB/sec,192 Bit ,1502 MHz,GDDR5,GeForce GTX 660 Ti,4.5,450 Watt & 33 Amps,24 GPixel/s,28nm,$299.00,4096x2160,Yes,5.0,110 GTexel/s,0
Kepler GK104-300-KD-A2 ,1920 x 1080,1198 MHz ,1106 MHz,2,DX 12.0,1,1,384KB,Nvidia,150 Watts,2048 MB ,163.4GB/sec,192 Bit ,1702 MHz,GDDR5,GeForce GTX 660 Ti Colorful iGame ARES X 2GB Edition,4.5,450 Watt & 33 Amps,29 GPixel/s,28nm,$349.00,4096x2160,Yes,5.0,134 GTexel/s,0
Kepler GK106-400-A1 ,1920 x 1080,1033 MHz ,980 MHz,2,DX 12.0,0,1,384KB,Nvidia,140 Watts,2048 MB ,144.2GB/sec,192 Bit ,1502 MHz,GDDR5,GeForce GTX 660,4.5,450 Watt & 33 Amps,25 GPixel/s,28nm,$229.00,4096x2160,Yes,5.0,83 GTexel/s,0
Tesla G92-420-A2 ,1600 x 900,,675 MHz,2,DX 10.0,0,0,0KB,Nvidia,140 Watts,512 MB ,70.4GB/sec,256 Bit ,1100 MHz,GDDR3,GeForce GTS 250 v2,3.3,450 Watt & 30 Amps,11 GPixel/s,65nm,$199.00,2560x1600,Yes,4.0,43 GTexel/s,0
Fermi GF104-300-KB-A1 ,1600 x 900,,855 MHz,2,DX 12.0,0,1,512KB,Nvidia,160 Watts,1024 MB ,128.6GB/sec,256 Bit ,1005 MHz,GDDR5,GeForce GTX 460 Point of View TGT Beast 1GB Edition,4.5,450 Watt & 24 Amps,27 GPixel/s,40nm,$279.00,2560x1600,Yes,5.0,48 GTexel/s,0
Fermi GF104-300-KB-A1 ,1600 x 900,,675 MHz,2,DX 12.0,0,1,512KB,Nvidia,160 Watts,1024 MB ,115.2GB/sec,256 Bit ,900 MHz,GDDR5,GeForce GTX 460,4.5,450 Watt & 26 Amps,22 GPixel/s,40nm,$229.00,2560x1600,Yes,5.0,38 GTexel/s,0
Fermi GF110-375-A1 ,1920 x 1080,,772 MHz,2,DX 12.0,0,1,768KB,Nvidia,244 Watts,1536 MB ,192.4GB/sec,384 Bit ,1002 MHz,GDDR5,GeForce GTX 580,4.5,600 Watt & 42 Amps,37 GPixel/s,40nm,$499.00,2560x1600,Yes,5.0,49 GTexel/s,0
Fermi GF114-325-A1 ,1600 x 900,,950 MHz,2,DX 12.0,0,1,512KB,Nvidia,150 Watts,1024 MB ,140.8GB/sec,256 Bit ,1100 MHz,GDDR5,GeForce GTX 560 Zotac AMP! 1GB Edition,4.5,450 Watt & 30 Amps,30 GPixel/s,40nm,$249.00,2560x1600,Yes,5.0,53 GTexel/s,0
Fermi GF114-400-A1 ,1600 x 900,,822 MHz,2,DX 12.0,0,1,512KB,Nvidia,170 Watts,1024 MB ,128.3GB/sec,256 Bit ,1002 MHz,GDDR5,GeForce GTX 560 Ti,4.5,500 Watt & 31 Amps,26 GPixel/s,40nm,$249.00,2560x1600,Yes,5.0,53 GTexel/s,0
Fermi GF110-270-A1 ,1920 x 1080,,750 MHz,2,DX 12.0,0,1,640KB,Nvidia,210 Watts,1280 MB ,124.8GB/sec,256 Bit ,975 MHz,GDDR5,GeForce GTX 560 Ti 448 MSI Twin Frozr III Power OC 1.2GB Edition,4.5,550 Watt & 38 Amps,24 GPixel/s,40nm,$299.00,2560x1600,Yes,5.0,48 GTexel/s,0
Fermi GF114-325-A1 ,1600 x 900,,870 MHz,2,DX 12.0,0,1,512KB,Nvidia,150 Watts,1024 MB ,130.6GB/sec,256 Bit ,1020 MHz,GDDR5,GeForce GTX 560 MSI TwinFrozr II OC 1GB Edition,4.5,450 Watt & 30 Amps,28 GPixel/s,40nm,$209.00,2560x1600,Yes,5.0,49 GTexel/s,0
Fermi GF114-325-A1 (x2) ,1920 x 1080,,810 MHz,4,DX 12.0,0,2,512KB(x2),Nvidia,300 Watts,2048 MB ,256.3GB/sec,256 Bit ,1001 MHz,GDDR5,GeForce GTX 560 SLI,4.5,600 Watt & 42 Amps,52 GPixel/s,40nm,$398.00,2560x1600,Yes,5.0,91 GTexel/s,0
Fermi GF114-325-A1 ,1600 x 900,,925 MHz,2,DX 12.0,0,1,512KB,Nvidia,150 Watts,1024 MB ,134.4GB/sec,256 Bit ,1050 MHz,GDDR5,GeForce GTX 560 Asus DirectCU II TOP 1GB Edition,4.5,450 Watt & 30 Amps,30 GPixel/s,40nm,$219.00,2560x1600,Yes,5.0,52 GTexel/s,0
Fermi GF114-325-A1 ,1600 x 900,,810 MHz,2,DX 12.0,0,1,512KB,Nvidia,150 Watts,1024 MB ,128.3GB/sec,256 Bit ,1002 MHz,GDDR5,GeForce GTX 560 EVGA 1GB Edition,4.5,450 Watt & 30 Amps,26 GPixel/s,40nm,$199.00,2560x1600,Yes,5.0,45 GTexel/s,0
Fermi GF114-325-A1 ,1600 x 900,,850 MHz,2,DX 12.0,0,1,512KB,Nvidia,150 Watts,1024 MB ,134.4GB/sec,256 Bit ,1050 MHz,GDDR5,GeForce GTX 560 Asus DirectCU II OC 1GB Edition,4.5,450 Watt & 30 Amps,27 GPixel/s,40nm,$209.00,2560x1600,Yes,5.0,48 GTexel/s,0
Fermi GF114-325-A1 ,1600 x 900,,810 MHz,2,DX 12.0,0,1,512KB,Nvidia,150 Watts,1024 MB ,128.1GB/sec,256 Bit ,1001 MHz,GDDR5,GeForce GTX 560,4.5,450 Watt & 30 Amps,26 GPixel/s,40nm,$199.00,2560x1600,Yes,5.0,45 GTexel/s,0
Fermi GF116-400-A1 (x2) ,1920 x 1080,,900 MHz,2,DX 12.0,0,1,384KB(x2),Nvidia,250 Watts,2048 MB ,196.8GB/sec,192 Bit ,1025 MHz,GDDR5,GeForce GTX 550 Ti SLI,4.5,600 Watt & 42 Amps,43 GPixel/s,40nm,$298.00,2560x1600,Yes,5.0,58 GTexel/s,0
Fermi GF116-400-A1 (x2) ,1920 x 1080,,910 MHz,1,DX 12.0,1,1,384KB(x2),Nvidia,250 Watts,2048 MB ,196.8GB/sec,192 Bit ,1025 MHz,GDDR5,GeForce GTX 550 Ti Asus Edition SLI,4.5,600 Watt & 42 Amps,44 GPixel/s,40nm,$298.00,2560x1600,Yes,5.0,58 GTexel/s,0
Maxwell GM200-310-A1 ,2560 x 1600,1140 MHz ,1051 MHz,1,DX 12.1,3,1,3072KB,Nvidia,250 Watts,6144 MB ,336.6GB/sec,384 Bit ,1753 MHz,GDDR5,GeForce GTX 980 Ti Zotac AMP! 6GB Edition,4.5,600 Watt & 42 Amps,109 GPixel/s,28nm,$649.00,5120x3200,Yes,5.0,201 GTexel/s,0
Maxwell GM200-310-A1 ,2560 x 1600,1076 MHz ,1000 MHz,1,DX 12.1,3,1,3072KB,Nvidia,250 Watts,6144 MB ,336.6GB/sec,384 Bit ,1753 MHz,GDDR5,GeForce GTX 980 Ti Zotac 6GB Edition,4.5,600 Watt & 42 Amps,103 GPixel/s,28nm,$649.00,5120x3200,Yes,5.0,189 GTexel/s,0
Maxwell GM200-310-A1 ,2560 x 1600,1076 MHz ,1000 MHz,1,DX 12.1,3,1,3072KB,Nvidia,250 Watts,6144 MB ,336.6GB/sec,384 Bit ,1753 MHz,GDDR5,GeForce GTX 980 Ti MSI 6GB Edition,4.5,600 Watt & 42 Amps,103 GPixel/s,28nm,$649.00,5120x3200,Yes,5.0,189 GTexel/s,0
Maxwell GM200-310-A1 ,2560 x 1600,1304 MHz ,1203 MHz,1,DX 12.1,0,1,3072KB,Nvidia,250 Watts,6144 MB ,340.6GB/sec,384 Bit ,1774 MHz,GDDR5,GeForce GTX 980 Ti MSI Lightning 6GB Edition,4.5,600 Watt & 42 Amps,125 GPixel/s,28nm,$749.00,5120x3200,Yes,5.0,230 GTexel/s,0
Maxwell GM200-310-A1 ,2560 x 1600,1279 MHz ,1178 MHz,1,DX 12.1,3,1,3072KB,Nvidia,250 Watts,6144 MB ,340.8GB/sec,384 Bit ,1775 MHz,GDDR5,GeForce GTX 980 Ti MSI Gaming 6GB Edition,4.5,600 Watt & 42 Amps,123 GPixel/s,28nm,$679.00,5120x3200,Yes,5.0,225 GTexel/s,0
Maxwell GM200-310-A1 ,2560 x 1600,1076 MHz ,1000 MHz,1,DX 12.1,3,1,3072KB,Nvidia,250 Watts,6144 MB ,336.6GB/sec,384 Bit ,1753 MHz,GDDR5,GeForce GTX 980 Ti Gigabyte 6GB Edition,4.5,600 Watt & 42 Amps,103 GPixel/s,28nm,$649.00,5120x3200,Yes,5.0,189 GTexel/s,0
Maxwell GM200-310-A1 (x2) ,3840 x 2160,1076 MHz ,1000 MHz,1,DX 12.1,3,1,3072KB(x2),Nvidia,500 Watts,12288 MB ,673.2GB/sec,384 Bit ,1753 MHz,GDDR5,GeForce GTX 980 Ti Gigabyte 6GB Edition SLI,4.5,800 Watt & 53 Amps,207 GPixel/s,28nm,$1298.00,4096x2160,Yes,5.0,379 GTexel/s,0
Maxwell GM200-310-A1 ,2560 x 1600,1190 MHz ,1102 MHz,1,DX 12.1,3,1,3072KB,Nvidia,250 Watts,6144 MB ,336.6GB/sec,384 Bit ,1753 MHz,GDDR5,GeForce GTX 980 Ti EVGA Superclocked+ ACX 2.0+ 6GB Edition,4.5,600 Watt & 42 Amps,114 GPixel/s,28nm,$679.00,5120x3200,Yes,5.0,209 GTexel/s,0
Maxwell GM200-310-A1 ,2560 x 1600,1190 MHz ,1102 MHz,1,DX 12.1,3,1,3072KB,Nvidia,250 Watts,6144 MB ,336.6GB/sec,384 Bit ,1753 MHz,GDDR5,GeForce GTX 980 Ti EVGA Superclocked ACX 2.0+ 6GB Edition,4.5,600 Watt & 42 Amps,114 GPixel/s,28nm,$669.00,5120x3200,Yes,5.0,209 GTexel/s,0
Maxwell GM200-310-A1 ,2560 x 1600,1190 MHz ,1102 MHz,1,DX 12.1,3,1,3072KB,Nvidia,250 Watts,6144 MB ,336.6GB/sec,384 Bit ,1753 MHz,GDDR5,GeForce GTX 980 Ti EVGA Superclocked 6GB Edition,4.5,600 Watt & 42 Amps,114 GPixel/s,28nm,$669.00,5120x3200,Yes,5.0,209 GTexel/s,0
Maxwell GM200-310-A1 ,2560 x 1600,1228 MHz ,1140 MHz,1,DX 12.1,3,1,3072KB,Nvidia,250 Watts,6144 MB ,336.6GB/sec,384 Bit ,1753 MHz,GDDR5,GeForce GTX 980 Ti EVGA Hydro Copper 6GB Edition,4.5,600 Watt & 42 Amps,118 GPixel/s,28nm,$799.00,5120x3200,Yes,5.0,216 GTexel/s,0
Maxwell GM200-310-A1 ,2560 x 1600,1228 MHz ,1140 MHz,1,DX 12.1,3,1,3072KB,Nvidia,250 Watts,6144 MB ,336.6GB/sec,384 Bit ,1753 MHz,GDDR5,GeForce GTX 980 Ti EVGA Hybrid 6GB Edition,4.5,600 Watt & 42 Amps,118 GPixel/s,28nm,$749.00,5120x3200,Yes,5.0,216 GTexel/s,0
Maxwell GM200-310-A1 ,2560 x 1600,1076 MHz ,1000 MHz,1,DX 12.1,3,1,3072KB,Nvidia,250 Watts,6144 MB ,336.6GB/sec,384 Bit ,1753 MHz,GDDR5,GeForce GTX 980 Ti EVGA ACX 2.0+ 6GB Edition,4.5,600 Watt & 42 Amps,103 GPixel/s,28nm,$649.00,5120x3200,Yes,5.0,189 GTexel/s,0
Maxwell GM200-310-A1 ,2560 x 1600,1291 MHz ,1190 MHz,1,DX 12.1,3,1,3072KB,Nvidia,300 Watts,6144 MB ,336.6GB/sec,384 Bit ,1753 MHz,GDDR5,GeForce GTX 980 Ti EVGA Classified ACX 2.0+ 6GB Edition,4.5,600 Watt & 42 Amps,124 GPixel/s,28nm,$699.00,5120x3200,Yes,5.0,227 GTexel/s,0
Maxwell GM200-310-A1 ,2560 x 1600,1076 MHz ,1000 MHz,1,DX 12.1,3,1,3072KB,Nvidia,250 Watts,6144 MB ,336.6GB/sec,384 Bit ,1753 MHz,GDDR5,GeForce GTX 980 Ti EVGA 6GB Edition,4.5,600 Watt & 42 Amps,103 GPixel/s,28nm,$649.00,5120x3200,Yes,5.0,189 GTexel/s,0
Maxwell GM200-310-A1 ,2560 x 1600,1076 MHz ,1000 MHz,1,DX 12.1,3,1,3072KB,Nvidia,250 Watts,6144 MB ,336.6GB/sec,384 Bit ,1753 MHz,GDDR5,GeForce GTX 980 Ti Asus 6GB Edition,4.5,600 Watt & 42 Amps,103 GPixel/s,28nm,$649.00,5120x3200,Yes,5.0,189 GTexel/s,0
Maxwell GM200-310-A1 (x2) ,3840 x 2160,1076 MHz ,1000 MHz,1,DX 12.1,3,1,3072KB(x2),Nvidia,500 Watts,12288 MB ,673.2GB/sec,384 Bit ,1753 MHz,GDDR5,GeForce GTX 980 Ti 6GB SLI,4.5,800 Watt & 53 Amps,207 GPixel/s,28nm,$1249.00,4096x2160,Yes,5.0,379 GTexel/s,0
Maxwell GM200-310-A1 ,2560 x 1600,1076 MHz ,1000 MHz,1,DX 12.1,3,1,3072KB,Nvidia,250 Watts,6144 MB ,336.6GB/sec,384 Bit ,1753 MHz,GDDR5,GeForce GTX 980 Ti 6GB,4.5,600 Watt & 42 Amps,103 GPixel/s,28nm,$649.00,5120x3200,Yes,5.0,189 GTexel/s,0
Maxwell GM204-400-A1 ,2560 x 1440,1216 MHz ,1126 MHz,1,DX 12.1,3,1,2048KB,Nvidia,165 Watts,4096 MB ,224.4GB/sec,256 Bit ,1753 MHz,GDDR5,GeForce GTX 980 4GB,4.5,500 Watt & 42 Amps,78 GPixel/s,28nm,$549.99,5120x3200,Yes,5.0,156 GTexel/s,0
Maxwell GM204-200-A1 ,2560 x 1440,1216 MHz ,1076 MHz,1,DX 12.1,3,1,1792KB,Nvidia,148 Watts,4096 MB ,224.4GB/sec,256 Bit ,1753 MHz,GDDR5,GeForce GTX 970 MSI OC 4GB Edition,4.5,500 Watt & 33 Amps,68 GPixel/s,28nm,$329.00,5120x3200,Yes,5.0,126 GTexel/s,0
Maxwell GM204-200-A1 (x2) ,3840 x 2160,1367 MHz ,1216 MHz,1,DX 12.1,3,1,2048KB(x2),Nvidia,300 Watts,8192 MB ,448.8GB/sec,256 Bit ,1753 MHz,GDDR5,GeForce GTX 970 EVGA FTW+ ACX 2.0+ 4GB Edition SLI,4.5,600 Watt & 42 Amps,153 GPixel/s,28nm,$779.00,4096x2160,Yes,5.0,284 GTexel/s,0
Maxwell GM204-200-A1 ,2560 x 1440,1228 MHz ,1088 MHz,2,DX 12.1,1,1,1792KB,Nvidia,148 Watts,4096 MB ,224.4GB/sec,256 Bit ,1753 MHz,GDDR5,GeForce GTX 970 Asus Turbo OC 4GB Edition,4.5,500 Watt & 33 Amps,69 GPixel/s,28nm,$329.00,5120x3200,Yes,5.0,128 GTexel/s,0
Maxwell GM204-200-A1 (x2) ,3840 x 2160,1178 MHz ,1050 MHz,1,DX 12.1,0,1,2048KB(x2),Nvidia,325 Watts,8192 MB ,448.8GB/sec,256 Bit ,1753 MHz,GDDR5,GeForce GTX 970 4GB SLI,4.5,750 Watt & 42 Amps,151 GPixel/s,28nm,$659.98,4096x2160,Yes,5.0,245 GTexel/s,0
Maxwell GM204-200-A1 ,2560 x 1440,1178 MHz ,1050 MHz,2,DX 12.1,3,1,1792KB,Nvidia,145 Watts,4096 MB ,224.4GB/sec,256 Bit ,1753 MHz,GDDR5,GeForce GTX 970 4GB,4.5,500 Watt & 30 Amps,66 GPixel/s,28nm,$329.99,5120x3200,Yes,5.0,123 GTexel/s,0
Kepler GK110-300-A1 (x2) ,2560 x 1600,902 MHz ,863 MHz,2,DX 12.0,1,1,1536KB(x2),Nvidia,500 Watts,6144 MB ,576.8GB/sec,384 Bit ,1502 MHz,GDDR5,GeForce GTX 780 SLI,4.5,750 Watt & 50 Amps,87 GPixel/s,28nm,$1298.00,4096x2160,Yes,5.0,346 GTexel/s,0
Maxwell GM206-300-A1 ,1920 x 1080,1253 MHz ,1190 MHz,1,DX 12.1,3,1,1024KB,Nvidia,120 Watts,4096 MB ,112.2GB/sec,128 Bit ,1753 MHz,GDDR5,GeForce GTX 960 Gigabyte OC 4GB Edition,4.5,400 Watt & 29 Amps,40 GPixel/s,28nm,$239.00,5120x3200,Yes,5.0,80 GTexel/s,0
Maxwell GM206-300-A1 ,1920 x 1080,1317 MHz ,1253 MHz,1,DX 12.1,0,1,1024KB,Nvidia,120 Watts,2048 MB ,112.2GB/sec,128 Bit ,1753 MHz,GDDR5,GeForce GTX 960 Asus Turbo OC 2GB Edition,4.5,400 Watt & 29 Amps,42 GPixel/s,28nm,$219.99,5120x3200,Yes,5.0,84 GTexel/s,0
Maxwell GM206-300-A1 ,1920 x 1080,1178 MHz ,1127 MHz,1,DX 12.1,3,1,1024KB,Nvidia,120 Watts,2048 MB ,112.2GB/sec,128 Bit ,1753 MHz,GDDR5,GeForce GTX 960 2GB,4.5,400 Watt & 27 Amps,38 GPixel/s,28nm,$199.00,5120x3200,Yes,5.0,75 GTexel/s,0
Maxwell GM206-300-A1 (x2) ,2560 x 1440,1178 MHz ,1127 MHz,2,DX 12.1,0,1,1024KB(x2),Nvidia,240 Watts,4096 MB ,224.4GB/sec,128 Bit ,1753 MHz,GDDR5,GeForce GTX 960 2GB SLI,4.5,550 Watt & 40 Amps,75 GPixel/s,28nm,$398.00,4096x2160,Yes,5.0,151 GTexel/s,0
Maxwell GM206-250 ,1920 x 1080,1405 MHz ,1203 MHz,2,DX 12.1,3,1,1024KB,Nvidia,120 Watts,2048 MB ,112.3GB/sec,128 Bit ,1755 MHz,GDDR5,GeForce GTX 950 Zotac AMP! 2GB Edition,4.5,350 Watt & 23 Amps,45 GPixel/s,28nm,$174.00,5120x3200,Yes,5.0,67 GTexel/s,0
Maxwell GM206-251-A1 ,1920 x 1080,1188 MHz ,1024 MHz,1,DX 12.1,3,1,1024KB,Nvidia,75 Watts,2048 MB ,105.8GB/sec,128 Bit ,1653 MHz,GDDR5,GeForce GTX 950 LP 2GB,4.5,350 Watt & 23 Amps,38 GPixel/s,28nm,$159.00,5120x3200,Yes,5.0,57 GTexel/s,0
Maxwell GM206-250 ,1920 x 1080,1279 MHz ,1102 MHz,2,DX 12.1,3,1,1024KB,Nvidia,100 Watts,2048 MB ,105.8GB/sec,128 Bit ,1653 MHz,GDDR5,GeForce GTX 950 Gigabyte WindForce 2X OC 2GB Edition,4.5,350 Watt & 23 Amps,41 GPixel/s,28nm,$169.00,5120x3200,Yes,5.0,61 GTexel/s,0
Maxwell GM206-250 ,1920 x 1080,1405 MHz ,1203 MHz,2,DX 12.1,3,1,1024KB,Nvidia,120 Watts,2048 MB ,112GB/sec,128 Bit ,1750 MHz,GDDR5,GeForce GTX 950 Gigabyte XTREME Gaming 2GB Edition,4.5,350 Watt & 23 Amps,45 GPixel/s,28nm,$179.00,5120x3200,Yes,5.0,67 GTexel/s,0
Maxwell GM206-250 ,1920 x 1080,1355 MHz ,1165 MHz,2,DX 12.1,3,1,1024KB,Nvidia,110 Watts,2048 MB ,105.8GB/sec,128 Bit ,1653 MHz,GDDR5,GeForce GTX 950 EVGA Superclocked+ ACX 2.0 2GB Edition,4.5,350 Watt & 23 Amps,43 GPixel/s,28nm,$179.00,5120x3200,Yes,5.0,65 GTexel/s,0
Maxwell GM206-250 ,1920 x 1080,1393 MHz ,1190 MHz,2,DX 12.1,3,1,1024KB,Nvidia,125 Watts,2048 MB ,105.8GB/sec,128 Bit ,1653 MHz,GDDR5,GeForce GTX 950 EVGA SSC ACX 2.0 2GB Edition,4.5,350 Watt & 23 Amps,45 GPixel/s,28nm,$169.00,5120x3200,Yes,5.0,67 GTexel/s,0
Maxwell GM206-250 ,1920 x 1080,1342 MHz ,1152 MHz,2,DX 12.1,3,1,1024KB,Nvidia,110 Watts,2048 MB ,105.8GB/sec,128 Bit ,1653 MHz,GDDR5,GeForce GTX 950 EVGA Superclocked 2.0 2GB Edition,4.5,350 Watt & 23 Amps,43 GPixel/s,28nm,$179.00,5120x3200,Yes,5.0,64 GTexel/s,0
Maxwell GM206-250 ,1920 x 1080,1355 MHz ,1140 MHz,2,DX 12.1,3,1,1024KB,Nvidia,150 Watts,2048 MB ,105.8GB/sec,128 Bit ,1653 MHz,GDDR5,GeForce GTX 950 Asus DirectCU II OC Strix Gaming 2GB Edition,4.5,350 Watt & 23 Amps,43 GPixel/s,28nm,$169.00,5120x3200,Yes,5.0,65 GTexel/s,0
Maxwell GM206-250 (x2) ,1920 x 1080,1188 MHz ,1024 MHz,2,DX 12.1,3,1,1024KB(x2),Nvidia,180 Watts,4096 MB ,211.6GB/sec,128 Bit ,1653 MHz,GDDR5,GeForce GTX 950 2GB SLI,4.5,450 Watt & 30 Amps,76 GPixel/s,28nm,$318.00,4096x2160,Yes,5.0,114 GTexel/s,0
Maxwell GM206-250 ,1920 x 1080,1188 MHz ,1024 MHz,2,DX 12.1,3,1,1024KB,Nvidia,90 Watts,2048 MB ,105.8GB/sec,128 Bit ,1653 MHz,GDDR5,GeForce GTX 950 2GB,4.5,350 Watt & 23 Amps,38 GPixel/s,28nm,$159.00,5120x3200,Yes,5.0,57 GTexel/s,0
Kepler GK104-425-A2 ,1920 x 1080,1085 MHz ,1046 MHz,2,DX 12.0,0,1,512KB,Nvidia,230 Watts,2048 MB ,224.3GB/sec,256 Bit ,1752 MHz,GDDR5,GeForce GTX 770,4.5,550 Watt & 37 Amps,35 GPixel/s,28nm,$399.00,4096x2160,Yes,5.0,139 GTexel/s,0
Maxwell GM206-250 ,1920 x 1080,1405 MHz ,1203 MHz,2,DX 12.1,3,1,1024KB,Nvidia,125 Watts,2048 MB ,105.8GB/sec,128 Bit ,1653 MHz,GDDR5,GeForce GTX 950 EVGA FTW ACX 2.0 2GB Edition,4.5,350 Watt & 23 Amps,45 GPixel/s,28nm,$179.00,5120x3200,Yes,5.0,67 GTexel/s,0
Kepler GK104-225-A2 ,1920 x 1080,1098 MHz ,1033 MHz,1,DX 12.0,2,1,512KB,Nvidia,170 Watts,2048 MB ,192.3GB/sec,256 Bit ,1502 MHz,GDDR5,GeForce GTX 760 MSI Gaming ITX 2GB Edition,4.5,500 Watt & 33 Amps,35 GPixel/s,28nm,$269.00,4096x2160,Yes,5.0,105 GTexel/s,0
Maxwell GM107-400-A2 ,1600 x 900,1085 MHz ,1020 MHz,2,DX 12.0,0,1,2048KB,Nvidia,60 Watts,2048 MB ,86.4GB/sec,128 Bit ,1350 MHz,GDDR5,GeForce GTX 750 Ti,4.5,300 Watt & 18 Amps,17 GPixel/s,28nm,$149.00,4096x2160,No,5.0,43 GTexel/s,0
